alpha_ratio_avg,digits_pos_0_ratio,digits_pos_18_ratio,digits_pos_21_ratio,digits_pos_41_ratio,digits_pos_48_ratio,digits_pos_61_ratio,digits_pos_77_ratio,digits_pos_9_ratio,digits_ratio_avg,double_finess_ratio,filename,format_inferred,had_token_ratio,line_len_max,line_len_mean,line_len_median,line_len_min,n_lines,psy_token_ratio,size_bytes,spaces_ratio_avg,year_inferred
0.7058,0.0,0.0556,0.0278,0.0,0.0,0.0,0.0,0.0,0.0067,0.0,LICENCE.txt,INCONNU,0.0,228,58.2,64,13,36,0.0,2146,0.1132,0
0.6504,0.0,0.013,0.013,0.013,0.0,0.013,0.0,0.0,0.0185,0.0,LISEZ-MOI.txt,INCONNU,0.0,228,51.3,53,8,77,0.013,4062,0.1439,0
0.0,1.0,0.0,0.0,0.0,0.0,0.0,0.0,0.0,1.0,0.0,edge_shutdown_crash.txt,INCONNU,0.0,1,1.0,1,1,1,0.0,1,0.0,0
0.4033,0.0,1.0,1.0,1.0,1.0,0.0245,1.0,0.6286,0.3968,0.0,fv_psy_ano_2018_M12.txt,PSY-other,0.0,825,825.0,825,825,1753,0.0,1449731,0.1847,2018
,,,,,,,,,,,fv_psy_fc_ic_2018_M12.txt,PSY-other,,,,,,0,,2,,2018
0.1053,0.0,1.0,0.0,0.0,0.0,0.0,0.0,1.0,0.8,0.0,fv_psy_ficum_2023_M12___date___non_attendu.txt,PSY-other,0.0,38,38.0,38,38,40,0.0,1600,0.0947,2023
0.0654,1.0,0.0,1.0,1.0,1.0,1.0,1.0,1.0,0.8777,1.0,fv_psy_raa_2018_M12.txt,PSY-other,0.0,124,92.3,92,92,10000,1.0,2309406,0.0569,2018
0.0203,1.0,0.0,1.0,1.0,1.0,1.0,1.0,1.0,0.9143,1.0,fv_psy_rps_2018_M12.txt,PSY-other,0.0,160,152.1,152,152,2242,1.0,345436,0.0654,2018
0.011,0.9971,0.996,1.0,1.0,0.0,0.1786,0.0,0.9971,0.4758,0.9612,fv_psy_vh_2018_M12.txt,PSY-other,0.0,432,432.0,432,432,1753,0.0,759049,0.5132,2018
0.3953,0.0,1.0,1.0,1.0,1.0,0.0522,1.0,0.6263,0.4006,0.0,fv_psy_ano_2019_M12.txt,PSY-other,0.0,846,846.0,846,846,1742,0.0,1477216,0.1893,2019
0.0159,1.0,1.0,1.0,1.0,1.0,1.0,0.0,1.0,0.9206,1.0,fv_psy_fc_ic_2019_M12.txt,PSY-other,0.0,63,63.0,63,63,370,0.0,24050,0.0635,2019
0.1053,0.0,1.0,0.0,0.0,0.0,0.0,0.0,1.0,0.8,0.0,fv_psy_ficum_2023_M12___date___non_attendu.txt,PSY-other,0.0,38,38.0,38,38,40,0.0,1600,0.0947,2023
0.0655,1.0,0.0,1.0,1.0,1.0,1.0,1.0,1.0,0.8769,1.0,fv_psy_raa_2019_M12.txt,PSY-other,0.0,132,92.5,92,92,10000,1.0,2055686,0.0575,2019
0.0205,1.0,0.0,1.0,1.0,1.0,1.0,1.0,1.0,0.9135,1.0,fv_psy_rps_2019_M12.txt,PSY-other,0.0,192,152.6,152,152,2379,1.0,367902,0.066,2019
0.0113,1.0,0.9977,1.0,1.0,0.0,0.1722,0.0,1.0,0.4807,0.9851,fv_psy_vh_2019_M12.txt,PSY-other,0.0,452,452.0,452,452,1742,0.0,789126,0.508,2019
0.6114,0.0,0.5085,1.0,0.9993,0.9993,0.0,1.0,0.6225,0.2507,0.0,fv_psy_ano_2020_M12.txt,PSY-other,0.0,1283,1112.4,1283,936,2824,0.0,3147204,0.1179,2020
,,,,,,,,,,,fv_psy_fc_htpart_2020_M12.txt,PSY-other,,,,,,0,,0,,2020
0.0179,1.0,1.0,1.0,1.0,1.0,1.0,1.0,1.0,0.9821,1.0,fv_psy_fc_ic_2020_M12.TXT,PSY-other,0.0,112,112.0,112,112,90,0.0,10260,0.0,2020
0.1053,0.0,1.0,0.0,0.0,0.0,0.0,0.0,1.0,0.8,0.0,fv_psy_ficum_2023_M12___date___non_attendu.txt,PSY-other,0.0,38,38.0,38,38,40,0.0,1600,0.0947,2023
0.0673,1.0,0.0,1.0,1.0,1.0,1.0,1.0,1.0,0.8619,1.0,fv_psy_raa_2020_M12.txt,PSY-other,0.0,124,95.3,92,92,10000,1.0,1998654,0.0708,2020
0.0208,1.0,0.0,1.0,1.0,1.0,1.0,1.0,1.0,0.9077,1.0,fv_psy_rps_2020_M12.TXT,PSY-other,0.0,200,153.2,152,152,2023,1.0,313958,0.0715,2020
0.0114,0.9958,0.993,1.0,1.0,0.0,0.1469,0.0,0.9958,0.4797,0.984,fv_psy_vh_2020_M12.txt,PSY-other,0.0,452,452.0,452,452,1436,0.0,650508,0.5089,2020
0.1222,0.1239,1.0,1.0,0.0,0.0,0.0,0.0,0.1239,0.2729,0.1239,fv_psy_vip_2020_M12.txt,PSY-other,0.0,124,124.0,124,124,1388,0.0,174888,0.6049,2020
0.1262,0.1239,1.0,1.0,0.0,0.0,0.0,0.0,0.1239,0.282,0.1239,fv_psy_vip_2020_M12_FORMAT_OK.txt,PSY-other,0.0,120,120.0,120,120,1388,0.0,169336,0.5917,2020
0.1122,1.0,0.0,0.0,0.0,0.0,0.0,0.0,0.0,0.6098,0.0,fv_psy_fs_cov_tests_2021_M12.txt,PSY-other,0.0,41,41.0,41,41,5,0.0,215,0.2634,2021
0.0769,1.0,1.0,1.0,0.0,0.0,0.0,0.0,0.0,0.8846,0.0,fv_psy_fs_cov_vax_2021_M12.txt,PSY-other,0.0,26,26.0,26,26,4,0.0,112,0.0,2021
0.6224,0.0,0.4118,1.0,1.0,1.0,0.0,1.0,0.617,0.2341,0.0,fv_psy_ano_2021_M12.txt,PSY-other,0.0,1283,1078.9,936,936,3888,0.0,4202491,0.1143,2021
0.0,1.0,1.0,0.0,1.0,0.0,0.0,0.0,1.0,0.7442,1.0,fv_psy_fc_htpart_2021_M12.txt,PSY-other,0.0,43,43.0,43,43,8241,0.0,370843,0.2558,2021
0.0179,1.0,1.0,0.0,1.0,1.0,1.0,1.0,1.0,0.8839,1.0,fv_psy_fc_ic_2021_M12.txt,PSY-other,0.0,112,112.0,112,112,239,0.0,27246,0.0982,2021
0.0759,1.0,0.0,1.0,1.0,1.0,1.0,1.0,1.0,0.7791,1.0,fv_psy_raa_2021_M12.txt,PSY-other,0.0,149,94.0,93,93,10000,1.0,1948905,0.1451,2021
0.0214,1.0,0.0,1.0,1.0,1.0,1.0,1.0,1.0,0.7883,1.0,fv_psy_rps_2021_M12.txt,PSY-other,0.0,200,154.1,152,152,2267,1.0,353822,0.1903,2021
0.0111,0.9956,0.9906,1.0,0.0,0.0,0.0,0.0,0.9956,0.4509,0.9838,fv_psy_vh_2021_M12.txt,PSY-other,0.0,452,452.0,452,452,1601,0.0,726854,0.538,2021
0.0167,0.5807,1.0,1.0,0.0,0.0,0.0,0.0,0.5807,0.3393,0.5807,fv_psy_vip_2021_M12.txt,PSY-other,0.0,120,120.0,120,120,2287,0.0,279012,0.6441,2021
0.0167,0.5807,1.0,1.0,0.0,0.0,0.0,0.0,0.5807,0.3393,0.5807,fv_psy_vip_2021_M12_FORMAT_ok.txt,PSY-other,0.0,120,120.0,120,120,2287,0.0,279014,0.6441,2021
0.1613,1.0,0.0,1.0,0.0,0.0,0.0,0.0,0.0,0.7419,0.0,fv_psy_fs_cov_tests_2022_M12.txt,PSY-other,0.0,31,31.0,31,31,3,0.0,97,0.0645,2022
0.6648,0.0,0.411,1.0,1.0,1.0,0.0,1.0,0.6203,0.2333,0.0,fv_psy_ano_2022_M12.txt,PSY-other,0.0,1933,1651.5,1455,1455,3640,0.0,6018568,0.0747,2022
0.0,1.0,1.0,0.0,1.0,0.0,0.0,0.0,1.0,0.6809,1.0,fv_psy_fc_htpart_2022_M12.txt,PSY-other,0.0,47,47.0,47,47,8797,0.0,431051,0.3191,2022
0.0179,1.0,1.0,0.0,1.0,1.0,1.0,1.0,1.0,0.8839,1.0,fv_psy_fc_ic_2022_M12.TXT,PSY-other,0.0,112,112.0,112,112,161,0.0,18352,0.0982,2022
0.1053,0.0,1.0,0.0,0.0,0.0,0.0,0.0,1.0,0.8,0.0,fv_psy_ficum_2023_M12___date.txt,PSY-other,0.0,38,38.0,38,38,40,0.0,1600,0.0947,2023
0.0737,1.0,0.0,1.0,1.0,1.0,1.0,0.0,1.0,0.7543,1.0,fv_psy_raa_2022_M12.txt,PSY-other,0.0,144,97.2,96,96,10000,1.0,2044058,0.172,2022
0.0216,1.0,0.0,1.0,1.0,1.0,1.0,0.0,1.0,0.7687,1.0,fv_psy_rps_2022_M12.txt,PSY-other,0.0,202,157.1,154,154,2068,1.0,329120,0.2098,2022
0.0109,0.9987,0.9913,1.0,0.0,0.0,0.498,0.0,0.9987,0.4773,0.9873,fv_psy_vh_2022_M12.txt,PSY-other,0.0,468,468.0,468,468,1496,0.0,703118,0.5118,2022
0.0148,0.6362,1.0,1.0,0.0,0.0,0.0,0.0,0.6362,0.3077,0.6362,fv_psy_vip_2022_M12.txt,PSY-other,0.0,135,135.0,135,135,2144,0.0,293726,0.6775,2022
0.0167,0.6362,1.0,1.0,0.0,0.0,0.0,0.0,0.6362,0.3462,0.6362,fv_psy_vip_2022_M12_FORMAT_ok.txt,PSY-other,0.0,120,120.0,120,120,2144,0.0,261568,0.6371,2022
0.6498,1.0,0.4989,1.0,1.0,1.0,0.0,1.0,0.6169,0.2448,0.0,fv_psy_ano_2023_M12.txt,PSY-other,0.0,1933,1758.1,1584,1584,3143,0.0,5532030,0.0763,2023
0.0,1.0,1.0,0.0,1.0,0.0,0.0,0.0,1.0,0.7021,1.0,fv_psy_fc_htpart_2023_M12.txt,PSY-other,0.0,47,47.0,47,47,9226,0.0,452074,0.2979,2023
,,,,,,,,,,,fv_psy_fc_ic_2023_M12.txt,PSY-other,,,,,,0,,0,,2023
0.1053,0.0,1.0,0.0,0.0,0.0,0.0,0.0,1.0,0.8,0.0,fv_psy_ficum_2023_M12.txt,PSY-other,0.0,38,38.0,38,38,40,0.0,1600,0.0947,2023
0.0772,1.0,0.0,1.0,1.0,1.0,1.0,0.0,1.0,0.7475,1.0,fv_psy_raa_2023_M12.txt,PSY-other,0.0,152,98.6,96,96,10000,1.0,2656396,0.1752,2023
0.0214,1.0,0.0,1.0,1.0,1.0,1.0,0.0,1.0,0.7709,1.0,fv_psy_rps_2023_M12.txt,PSY-other,0.0,194,156.6,154,154,2773,1.0,439916,0.2077,2023
0.0111,0.9994,0.9726,1.0,0.0,0.0,0.9375,0.0,0.9994,0.5041,0.9688,fv_psy_vh_2023_M12.txt,PSY-other,0.0,468,468.0,468,468,1568,0.0,736960,0.4848,2023
0.0148,1.0,1.0,1.0,0.0,0.0,0.0,0.0,1.0,0.3788,1.0,fv_psy_vip_2023_M12.txt,PSY-other,0.0,135,135.0,135,135,1575,0.0,215775,0.6064,2023
0.6601,1.0,0.4682,1.0,1.0,1.0,0.0,1.0,0.6097,0.2382,0.0,fv_psy_ano_2024_M12.txt,PSY-other,0.0,1933,1747.4,1584,1584,2849,0.0,4984080,0.0745,2024
0.0,1.0,1.0,0.0,1.0,0.0,0.0,0.0,1.0,0.7021,1.0,fv_psy_fc_htpart_2024_M12.txt,PSY-other,0.0,47,47.0,47,47,9684,0.0,474516,0.2979,2024
0.1053,0.0,1.0,0.0,0.0,0.0,0.0,0.0,1.0,0.7995,0.0,fv_psy_ficum_2024_M12.txt,PSY-other,0.0,38,38.0,38,38,42,0.0,1680,0.0952,2024
0.0773,1.0,0.0,1.0,1.0,1.0,1.0,0.0,1.0,0.7507,1.0,fv_psy_raa_2024_M12.txt,PSY-other,0.0,136,97.5,96,96,10000,1.0,2588032,0.172,2024
0.0211,1.0,0.0,1.0,1.0,1.0,1.0,0.0,1.0,0.7711,1.0,fv_psy_rps_2024_M12.txt,PSY-other,0.0,194,156.5,154,154,2674,1.0,423703,0.2078,2024
0.011,0.9993,0.9625,1.0,0.0,0.0,0.6829,0.0,0.9993,0.4947,0.9483,fv_psy_vh_2024_M12.txt,PSY-other,0.0,468,468.0,468,468,1334,0.0,626980,0.4943,2024
0.0148,1.0,1.0,1.0,0.0,0.0,0.0,0.0,1.0,0.4118,0.9993,fv_psy_vip_2024_M12.txt,PSY-other,0.0,135,135.0,135,135,1515,0.0,207555,0.5734,2024
0.6601,1.0,0.4682,1.0,1.0,1.0,0.0,1.0,0.6097,0.2382,0.0,940140015.2024.12.anohosp.txt,ANO-HOSP,0.0,1933,1747.4,1584,1584,2849,0.0,4984080,0.0745,2024
0.0,1.0,0.0,1.0,0.0,0.0,0.0,0.0,0.0,0.45,0.0,940140015.2024.12.hosp_pmsi.autogen.txt,INCONNU,0.0,40,40.0,40,40,2674,0.0,112308,0.55,2024
0.0773,1.0,0.0,1.0,1.0,1.0,1.0,0.0,1.0,0.7507,1.0,940140015.2024.12.rpa.txt,INCONNU,0.0,136,97.5,96,96,10000,1.0,2588032,0.172,2024
0.0211,1.0,0.0,1.0,1.0,1.0,1.0,0.0,1.0,0.7711,1.0,940140015.2024.12.rps.txt,RPS,0.0,194,156.5,154,154,2674,1.0,423703,0.2078,2024
0.0,1.0,1.0,0.0,1.0,0.0,0.0,0.0,1.0,0.7021,1.0,940140015.2024.12.tpartiel.txt,INCONNU,0.0,47,47.0,47,47,9684,0.0,474516,0.2979,2024
0.4033,0.0,1.0,1.0,1.0,1.0,0.0245,1.0,0.6286,0.3968,0.0,fv_psy_ano_2018_M12.txt,PSY-other,0.0,825,825.0,825,825,1753,0.0,1449731,0.1847,2018
,,,,,,,,,,,fv_psy_fc_ic_2018_M12.txt,PSY-other,,,,,,0,,2,,2018
0.1053,0.0,1.0,0.0,0.0,0.0,0.0,0.0,1.0,0.8,0.0,fv_psy_ficum_2023_M12___date___non_attendu.txt,PSY-other,0.0,38,38.0,38,38,40,0.0,1600,0.0947,2023
0.0654,1.0,0.0,1.0,1.0,1.0,1.0,1.0,1.0,0.8777,1.0,fv_psy_raa_2018_M12.txt,PSY-other,0.0,124,92.3,92,92,10000,1.0,2309406,0.0569,2018
0.0203,1.0,0.0,1.0,1.0,1.0,1.0,1.0,1.0,0.9143,1.0,fv_psy_rps_2018_M12.txt,PSY-other,0.0,160,152.1,152,152,2242,1.0,345436,0.0654,2018
0.011,0.9971,0.996,1.0,1.0,0.0,0.1786,0.0,0.9971,0.4758,0.9612,fv_psy_vh_2018_M12.txt,PSY-other,0.0,432,432.0,432,432,1753,0.0,760802,0.5132,2018
0.3953,0.0,1.0,1.0,1.0,1.0,0.0522,1.0,0.6263,0.4006,0.0,fv_psy_ano_2019_M12.txt,PSY-other,0.0,846,846.0,846,846,1742,0.0,1477216,0.1893,2019
0.0159,1.0,1.0,1.0,1.0,1.0,1.0,0.0,1.0,0.9206,1.0,fv_psy_fc_ic_2019_M12.txt,PSY-other,0.0,63,63.0,63,63,370,0.0,24050,0.0635,2019
0.1053,0.0,1.0,0.0,0.0,0.0,0.0,0.0,1.0,0.8,0.0,fv_psy_ficum_2023_M12___date___non_attendu.txt,PSY-other,0.0,38,38.0,38,38,40,0.0,1600,0.0947,2023
0.0655,1.0,0.0,1.0,1.0,1.0,1.0,1.0,1.0,0.8769,1.0,fv_psy_raa_2019_M12.txt,PSY-other,0.0,132,92.5,92,92,10000,1.0,2055686,0.0575,2019
0.0205,1.0,0.0,1.0,1.0,1.0,1.0,1.0,1.0,0.9135,1.0,fv_psy_rps_2019_M12.txt,PSY-other,0.0,192,152.6,152,152,2379,1.0,367902,0.066,2019
0.0113,1.0,0.9977,1.0,1.0,0.0,0.1722,0.0,1.0,0.4807,0.9851,fv_psy_vh_2019_M12.txt,PSY-other,0.0,452,452.0,452,452,1742,0.0,790868,0.508,2019
0.6114,0.0,0.5085,1.0,0.9993,0.9993,0.0,1.0,0.6225,0.2507,0.0,fv_psy_ano_2020_M12.txt,PSY-other,0.0,1283,1112.4,1283,936,2824,0.0,3147204,0.1179,2020
,,,,,,,,,,,fv_psy_fc_htpart_2020_M12.txt,PSY-other,,,,,,0,,0,,2020
0.0179,1.0,1.0,1.0,1.0,1.0,1.0,1.0,1.0,0.9821,1.0,fv_psy_fc_ic_2020_M12.TXT,PSY-other,0.0,112,112.0,112,112,90,0.0,10260,0.0,2020
0.1053,0.0,1.0,0.0,0.0,0.0,0.0,0.0,1.0,0.8,0.0,fv_psy_ficum_2023_M12___date___non_attendu.txt,PSY-other,0.0,38,38.0,38,38,40,0.0,1600,0.0947,2023
0.0673,1.0,0.0,1.0,1.0,1.0,1.0,1.0,1.0,0.8619,1.0,fv_psy_raa_2020_M12.txt,PSY-other,0.0,124,95.3,92,92,10000,1.0,1998654,0.0708,2020
0.0208,1.0,0.0,1.0,1.0,1.0,1.0,1.0,1.0,0.9077,1.0,fv_psy_rps_2020_M12.TXT,PSY-other,0.0,200,153.2,152,152,2023,1.0,313958,0.0715,2020
0.0114,0.9958,0.993,1.0,1.0,0.0,0.1469,0.0,0.9958,0.4797,0.984,fv_psy_vh_2020_M12.txt,PSY-other,0.0,452,452.0,452,452,1436,0.0,651944,0.5089,2020
0.1222,0.1239,1.0,1.0,0.0,0.0,0.0,0.0,0.1239,0.2729,0.1239,fv_psy_vip_2020_M12.txt,PSY-other,0.0,124,124.0,124,124,1388,0.0,174888,0.6049,2020
0.1262,0.1239,1.0,1.0,0.0,0.0,0.0,0.0,0.1239,0.282,0.1239,fv_psy_vip_2020_M12_FORMAT_OK.txt,PSY-other,0.0,120,120.0,120,120,1388,0.0,169336,0.5917,2020
0.1122,1.0,0.0,0.0,0.0,0.0,0.0,0.0,0.0,0.6098,0.0,fv_psy_fs_cov_tests_2021_M12.txt,PSY-other,0.0,41,41.0,41,41,5,0.0,215,0.2634,2021
0.0769,1.0,1.0,1.0,0.0,0.0,0.0,0.0,0.0,0.8846,0.0,fv_psy_fs_cov_vax_2021_M12.txt,PSY-other,0.0,26,26.0,26,26,4,0.0,112,0.0,2021
0.6224,0.0,0.4118,1.0,1.0,1.0,0.0,1.0,0.617,0.2341,0.0,fv_psy_ano_2021_M12.txt,PSY-other,0.0,1283,1078.9,936,936,3888,0.0,4202491,0.1143,2021
0.0,1.0,1.0,0.0,1.0,0.0,0.0,0.0,1.0,0.7442,1.0,fv_psy_fc_htpart_2021_M12.txt,PSY-other,0.0,43,43.0,43,43,8241,0.0,370845,0.2558,2021
0.0179,1.0,1.0,0.0,1.0,1.0,1.0,1.0,1.0,0.8839,1.0,fv_psy_fc_ic_2021_M12.txt,PSY-other,0.0,112,112.0,112,112,239,0.0,27246,0.0982,2021
0.0759,1.0,0.0,1.0,1.0,1.0,1.0,1.0,1.0,0.7791,1.0,fv_psy_raa_2021_M12.txt,PSY-other,0.0,149,94.0,93,93,10000,1.0,1948905,0.1451,2021
0.0214,1.0,0.0,1.0,1.0,1.0,1.0,1.0,1.0,0.7883,1.0,fv_psy_rps_2021_M12.txt,PSY-other,0.0,200,154.1,152,152,2267,1.0,353822,0.1903,2021
0.0111,0.9956,0.9906,1.0,0.0,0.0,0.0,0.0,0.9956,0.4509,0.9838,fv_psy_vh_2021_M12.txt,PSY-other,0.0,452,452.0,452,452,1601,0.0,726854,0.538,2021
0.0167,0.5807,1.0,1.0,0.0,0.0,0.0,0.0,0.5807,0.3393,0.5807,fv_psy_vip_2021_M12.txt,PSY-other,0.0,120,120.0,120,120,2287,0.0,279014,0.6441,2021
0.0167,0.5807,1.0,1.0,0.0,0.0,0.0,0.0,0.5807,0.3393,0.5807,fv_psy_vip_2021_M12_FORMAT_ok.txt,PSY-other,0.0,120,120.0,120,120,2287,0.0,279014,0.6441,2021
0.1613,1.0,0.0,1.0,0.0,0.0,0.0,0.0,0.0,0.7419,0.0,fv_psy_fs_cov_tests_2022_M12.txt,PSY-other,0.0,31,31.0,31,31,3,0.0,99,0.0645,2022
0.6648,0.0,0.411,1.0,1.0,1.0,0.0,1.0,0.6203,0.2333,0.0,fv_psy_ano_2022_M12.txt,PSY-other,0.0,1933,1651.5,1455,1455,3640,0.0,6018568,0.0747,2022
0.0,1.0,1.0,0.0,1.0,0.0,0.0,0.0,1.0,0.6809,1.0,fv_psy_fc_htpart_2022_M12.txt,PSY-other,0.0,47,47.0,47,47,8797,0.0,431053,0.3191,2022
0.0179,1.0,1.0,0.0,1.0,1.0,1.0,1.0,1.0,0.8839,1.0,fv_psy_fc_ic_2022_M12.TXT,PSY-other,0.0,112,112.0,112,112,161,0.0,18354,0.0982,2022
0.1053,0.0,1.0,0.0,0.0,0.0,0.0,0.0,1.0,0.8,0.0,fv_psy_ficum_2023_M12___date.txt,PSY-other,0.0,38,38.0,38,38,40,0.0,1600,0.0947,2023
0.0737,1.0,0.0,1.0,1.0,1.0,1.0,0.0,1.0,0.7543,1.0,fv_psy_raa_2022_M12.txt,PSY-other,0.0,144,97.2,96,96,10000,1.0,2044060,0.172,2022
0.0216,1.0,0.0,1.0,1.0,1.0,1.0,0.0,1.0,0.7687,1.0,fv_psy_rps_2022_M12.txt,PSY-other,0.0,202,157.1,154,154,2068,1.0,329120,0.2098,2022
0.0109,0.9987,0.9913,1.0,0.0,0.0,0.498,0.0,0.9987,0.4773,0.9873,fv_psy_vh_2022_M12.txt,PSY-other,0.0,468,468.0,468,468,1496,0.0,703120,0.5118,2022
0.0148,0.6362,1.0,1.0,0.0,0.0,0.0,0.0,0.6362,0.3077,0.6362,fv_psy_vip_2022_M12.txt,PSY-other,0.0,135,135.0,135,135,2144,0.0,293728,0.6775,2022
0.0167,0.6362,1.0,1.0,0.0,0.0,0.0,0.0,0.6362,0.3462,0.6362,fv_psy_vip_2022_M12_FORMAT_ok.txt,PSY-other,0.0,120,120.0,120,120,2144,0.0,261568,0.6371,2022
0.6498,1.0,0.4989,1.0,1.0,1.0,0.0,1.0,0.6169,0.2448,0.0,fv_psy_ano_2023_M12.txt,PSY-other,0.0,1933,1758.1,1584,1584,3143,0.0,5532030,0.0763,2023
0.0,1.0,1.0,0.0,1.0,0.0,0.0,0.0,1.0,0.7021,1.0,fv_psy_fc_htpart_2023_M12.txt,PSY-other,0.0,47,47.0,47,47,9226,0.0,452074,0.2979,2023
,,,,,,,,,,,fv_psy_fc_ic_2023_M12.txt,PSY-other,,,,,,0,,0,,2023
0.1053,0.0,1.0,0.0,0.0,0.0,0.0,0.0,1.0,0.8,0.0,fv_psy_ficum_2023_M12.txt,PSY-other,0.0,38,38.0,38,38,40,0.0,1600,0.0947,2023
0.0772,1.0,0.0,1.0,1.0,1.0,1.0,0.0,1.0,0.7475,1.0,fv_psy_raa_2023_M12.txt,PSY-other,0.0,152,98.6,96,96,10000,1.0,2656396,0.1752,2023
0.0214,1.0,0.0,1.0,1.0,1.0,1.0,0.0,1.0,0.7709,1.0,fv_psy_rps_2023_M12.txt,PSY-other,0.0,194,156.6,154,154,2773,1.0,439916,0.2077,2023
0.0111,0.9994,0.9726,1.0,0.0,0.0,0.9375,0.0,0.9994,0.5041,0.9688,fv_psy_vh_2023_M12.txt,PSY-other,0.0,468,468.0,468,468,1568,0.0,736960,0.4848,2023
0.0148,1.0,1.0,1.0,0.0,0.0,0.0,0.0,1.0,0.3788,1.0,fv_psy_vip_2023_M12.txt,PSY-other,0.0,135,135.0,135,135,1575,0.0,215775,0.6064,2023
0.6601,1.0,0.4682,1.0,1.0,1.0,0.0,1.0,0.6097,0.2382,0.0,fv_psy_ano_2024_M12.txt,PSY-other,0.0,1933,1747.4,1584,1584,2849,0.0,4984080,0.0745,2024
0.0,1.0,1.0,0.0,1.0,0.0,0.0,0.0,1.0,0.7021,1.0,fv_psy_fc_htpart_2024_M12.txt,PSY-other,0.0,47,47.0,47,47,9684,0.0,474516,0.2979,2024
0.1053,0.0,1.0,0.0,0.0,0.0,0.0,0.0,1.0,0.7995,0.0,fv_psy_ficum_2024_M12.txt,PSY-other,0.0,38,38.0,38,38,42,0.0,1680,0.0952,2024
0.0773,1.0,0.0,1.0,1.0,1.0,1.0,0.0,1.0,0.7507,1.0,fv_psy_raa_2024_M12.txt,PSY-other,0.0,136,97.5,96,96,10000,1.0,2588032,0.172,2024
0.0211,1.0,0.0,1.0,1.0,1.0,1.0,0.0,1.0,0.7711,1.0,fv_psy_rps_2024_M12.txt,PSY-other,0.0,194,156.5,154,154,2674,1.0,423703,0.2078,2024
0.011,0.9993,0.9625,1.0,0.0,0.0,0.6829,0.0,0.9993,0.4947,0.9483,fv_psy_vh_2024_M12.txt,PSY-other,0.0,468,468.0,468,468,1334,0.0,626980,0.4943,2024
0.0148,1.0,1.0,1.0,0.0,0.0,0.0,0.0,1.0,0.4118,0.9993,fv_psy_vip_2024_M12.txt,PSY-other,0.0,135,135.0,135,135,1515,0.0,207555,0.5734,2024
0.6601,1.0,0.4682,1.0,1.0,1.0,0.0,1.0,0.6097,0.2382,0.0,940140015.2024.12.anohosp.txt,ANO-HOSP,0.0,1933,1747.4,1584,1584,2849,0.0,4984080,0.0745,2024
0.0,1.0,0.0,1.0,0.0,0.0,0.0,0.0,0.0,0.45,0.0,940140015.2024.12.hosp_pmsi.autogen.txt,INCONNU,0.0,40,40.0,40,40,2674,0.0,112308,0.55,2024
0.0773,1.0,0.0,1.0,1.0,1.0,1.0,0.0,1.0,0.7507,1.0,940140015.2024.12.rpa.txt,INCONNU,0.0,136,97.5,96,96,10000,1.0,2588032,0.172,2024
0.0211,1.0,0.0,1.0,1.0,1.0,1.0,0.0,1.0,0.7711,1.0,940140015.2024.12.rps.txt,RPS,0.0,194,156.5,154,154,2674,1.0,423703,0.2078,2024
0.0,1.0,1.0,0.0,1.0,0.0,0.0,0.0,1.0,0.7021,1.0,940140015.2024.12.tpartiel.txt,INCONNU,0.0,47,47.0,47,47,9684,0.0,474516,0.2979,2024
0.6792,0.0,0.0,0.2143,0.0,0.0,0.0714,0.0,0.0714,0.1062,0.0,RAPPORT_F2PDF2.txt,INCONNU,0.0,87,34.3,31,9,14,0.0,514,0.0917,0
0.4625,0.0,0.0,0.0,0.0,0.0,0.0,0.0,0.0,0.0688,0.0,~$PPORT_F2PDF2.txt,INCONNU,0.0,107,80.0,107,53,2,0.0,162,0.025,0
0.1485,0.0,1.0,1.0,1.0,1.0,0.0245,1.0,0.6286,0.8364,0.0,fv_psy_ano_2018_M12.txt,PSY-other,0.0,206,206.0,206,206,1753,0.0,364624,0.0151,2018
0.0,0.0,0.0,0.0,0.0,0.0,0.0,0.0,0.0,0.0,0.0,fv_psy_fc_ic_2018_M12.txt,PSY-other,0.0,105,105.0,105,105,1,0.0,107,1.0,2018
0.05,0.0,1.0,0.0,0.0,0.0,0.0,0.0,1.0,0.38,0.0,fv_psy_ficum_2023_M12___date___non_attendu.txt,PSY-other,0.0,80,80.0,80,80,40,0.0,3280,0.57,2023
0.0667,1.0,0.0,1.0,1.0,1.0,1.0,1.0,1.0,0.8767,1.0,fv_psy_raa_2018_M12.txt,PSY-other,0.0,90,90.0,90,90,10000,1.0,2251148,0.0566,2018
0.02,1.0,0.0,1.0,1.0,1.0,1.0,1.0,1.0,0.9028,1.0,fv_psy_rps_2018_M12.txt,PSY-other,0.0,154,154.0,154,154,2242,1.0,349752,0.0772,2018
0.0092,0.9971,0.996,1.0,1.0,0.0,0.1786,0.0,0.9971,0.3968,0.9612,fv_psy_vh_2018_M12.txt,PSY-other,0.0,518,518.0,518,518,1753,0.0,911560,0.5941,2018
0.1544,0.0,1.0,1.0,1.0,1.0,0.0522,1.0,0.6263,0.8311,0.0,fv_psy_ano_2019_M12.txt,PSY-other,0.0,206,206.0,206,206,1742,0.0,362336,0.0146,2019
0.0095,1.0,1.0,1.0,1.0,1.0,1.0,0.0,1.0,0.5524,1.0,fv_psy_fc_ic_2019_M12.txt,PSY-other,0.0,105,105.0,105,105,370,0.0,39590,0.4381,2019
0.05,0.0,1.0,0.0,0.0,0.0,0.0,0.0,1.0,0.38,0.0,fv_psy_ficum_2023_M12___date___non_attendu.txt,PSY-other,0.0,80,80.0,80,80,40,0.0,3280,0.57,2023
0.0667,1.0,0.0,1.0,1.0,1.0,1.0,1.0,1.0,0.8768,1.0,fv_psy_raa_2019_M12.txt,PSY-other,0.0,90,90.0,90,90,10000,1.0,1993548,0.0565,2019
0.0201,1.0,0.0,1.0,1.0,1.0,1.0,1.0,1.0,0.9042,1.0,fv_psy_rps_2019_M12.txt,PSY-other,0.0,154,154.0,154,154,2379,1.0,371124,0.0757,2019
0.0099,1.0,0.9977,1.0,1.0,0.0,0.1722,0.0,1.0,0.4195,0.9851,fv_psy_vh_2019_M12.txt,PSY-other,0.0,518,518.0,518,518,1742,0.0,905840,0.5706,2019
0.2032,0.0,0.5085,1.0,0.9993,0.9993,0.0,1.0,0.6225,0.5475,0.0,fv_psy_ano_2020_M12.txt,PSY-other,0.0,206,206.0,206,206,2824,0.0,587392,0.2488,2020
,,,,,,,,,,,fv_psy_fc_htpart_2020_M12.txt,PSY-other,,,,,,0,,0,,2020
0.019,1.0,1.0,1.0,1.0,1.0,1.0,1.0,1.0,0.981,1.0,fv_psy_fc_ic_2020_M12.TXT,PSY-other,0.0,105,105.0,105,105,90,0.0,9630,0.0,2020
0.05,0.0,1.0,0.0,0.0,0.0,0.0,0.0,1.0,0.38,0.0,fv_psy_ficum_2023_M12___date___non_attendu.txt,PSY-other,0.0,80,80.0,80,80,40,0.0,3280,0.57,2023
0.0667,1.0,0.0,1.0,1.0,1.0,1.0,1.0,1.0,0.8765,1.0,fv_psy_raa_2020_M12.txt,PSY-other,0.0,90,90.0,90,90,10000,1.0,1911116,0.0568,2020
0.0203,1.0,0.0,1.0,1.0,1.0,1.0,1.0,1.0,0.9006,1.0,fv_psy_rps_2020_M12.TXT,PSY-other,0.0,154,154.0,154,154,2023,1.0,315588,0.0791,2020
0.01,0.9958,0.993,1.0,1.0,0.0,0.1469,0.0,0.9958,0.4186,0.984,fv_psy_vh_2020_M12.txt,PSY-other,0.0,518,518.0,518,518,1436,0.0,746720,0.5715,2020
0.1222,0.1239,1.0,1.0,0.0,0.0,0.0,0.0,0.1239,0.2729,0.1239,fv_psy_vip_2020_M12.txt,PSY-other,0.0,124,124.0,124,124,1388,0.0,174888,0.6049,2020
0.1222,0.1239,1.0,1.0,0.0,0.0,0.0,0.0,0.1239,0.2729,0.1239,fv_psy_vip_2020_M12_FORMAT_OK.txt,PSY-other,0.0,124,124.0,124,124,1388,0.0,174888,0.6049,2020
0.0383,1.0,0.0,0.0,0.0,0.0,0.0,0.0,0.0,0.2083,0.0,fv_psy_fs_cov_tests_2021_M12.txt,PSY-other,0.0,120,120.0,120,120,5,0.0,610,0.7483,2021
0.0167,1.0,1.0,1.0,0.0,0.0,0.0,0.0,0.0,0.1917,0.0,fv_psy_fs_cov_vax_2021_M12.txt,PSY-other,0.0,120,120.0,120,120,4,0.0,488,0.7833,2021
0.2332,0.0,0.4118,1.0,1.0,1.0,0.0,1.0,0.617,0.4797,0.0,fv_psy_ano_2021_M12.txt,PSY-other,0.0,206,206.0,206,206,3888,0.0,808704,0.2844,2021
0.0,1.0,1.0,0.0,1.0,0.0,0.0,0.0,1.0,0.3048,1.0,fv_psy_fc_htpart_2021_M12.txt,PSY-other,0.0,105,105.0,105,105,8241,0.0,881787,0.6952,2021
0.019,1.0,1.0,0.0,1.0,1.0,1.0,1.0,1.0,0.8762,1.0,fv_psy_fc_ic_2021_M12.txt,PSY-other,0.0,105,105.0,105,105,239,0.0,25573,0.1048,2021
0.0778,1.0,0.0,1.0,1.0,1.0,1.0,1.0,1.0,0.7874,1.0,fv_psy_raa_2021_M12.txt,PSY-other,0.0,90,90.0,90,90,10000,1.0,1861252,0.1347,2021
0.0207,1.0,0.0,1.0,1.0,1.0,1.0,1.0,1.0,0.7844,1.0,fv_psy_rps_2021_M12.txt,PSY-other,0.0,154,154.0,154,154,2267,1.0,353652,0.195,2021
0.0097,0.9956,0.9906,1.0,0.0,0.0,0.0,0.0,0.9956,0.3935,0.9838,fv_psy_vh_2021_M12.txt,PSY-other,0.0,518,518.0,518,518,1601,0.0,832520,0.5968,2021
0.0161,0.5807,1.0,1.0,0.0,0.0,0.0,0.0,0.5807,0.3283,0.5807,fv_psy_vip_2021_M12.txt,PSY-other,0.0,124,124.0,124,124,2287,0.0,288162,0.6556,2021
0.0161,0.5807,1.0,1.0,0.0,0.0,0.0,0.0,0.5807,0.3283,0.5807,fv_psy_vip_2021_M12_FORMAT_ok.txt,PSY-other,0.0,124,124.0,124,124,2287,0.0,288162,0.6556,2021
0.0417,1.0,0.0,1.0,0.0,0.0,0.0,0.0,0.0,0.1917,0.0,fv_psy_fs_cov_tests_2022_M12.txt,PSY-other,0.0,120,120.0,120,120,3,0.0,366,0.7583,2022
0.218,0.0,0.411,1.0,1.0,1.0,0.0,1.0,0.6203,0.4947,0.0,fv_psy_ano_2022_M12.txt,PSY-other,0.0,206,206.0,206,206,3640,0.0,757120,0.2845,2022
0.0,1.0,1.0,0.0,1.0,0.0,0.0,0.0,1.0,0.3048,1.0,fv_psy_fc_htpart_2022_M12.txt,PSY-other,0.0,105,105.0,105,105,8797,0.0,941279,0.6952,2022
0.019,1.0,1.0,0.0,1.0,1.0,1.0,1.0,1.0,0.8762,1.0,fv_psy_fc_ic_2022_M12.TXT,PSY-other,0.0,105,105.0,105,105,161,0.0,17227,0.1048,2022
0.05,0.0,1.0,0.0,0.0,0.0,0.0,0.0,1.0,0.38,0.0,fv_psy_ficum_2023_M12___date.txt,PSY-other,0.0,80,80.0,80,80,40,0.0,3280,0.57,2023
0.073,1.0,0.0,1.0,1.0,1.0,1.0,0.0,1.0,0.759,1.0,fv_psy_raa_2022_M12.txt,PSY-other,0.0,96,96.0,96,96,10000,1.0,2008412,0.1679,2022
0.0195,1.0,0.0,1.0,1.0,1.0,1.0,0.0,1.0,0.7766,1.0,fv_psy_rps_2022_M12.txt,PSY-other,0.0,154,154.0,154,154,2068,1.0,322608,0.2039,2022
0.0098,0.9987,0.9913,1.0,0.0,0.0,0.498,0.0,0.9987,0.4313,0.9873,fv_psy_vh_2022_M12.txt,PSY-other,0.0,518,518.0,518,518,1496,0.0,777920,0.5589,2022
0.0161,0.6362,1.0,1.0,0.0,0.0,0.0,0.0,0.6362,0.335,0.6362,fv_psy_vip_2022_M12.txt,PSY-other,0.0,124,124.0,124,124,2144,0.0,270144,0.6488,2022
0.0161,0.6362,1.0,1.0,0.0,0.0,0.0,0.0,0.6362,0.335,0.6362,fv_psy_vip_2022_M12_FORMAT_ok.txt,PSY-other,0.0,124,124.0,124,124,2144,0.0,270144,0.6488,2022
0.1944,1.0,0.4989,1.0,1.0,1.0,0.0,1.0,0.6169,0.5251,0.0,fv_psy_ano_2023_M12.txt,PSY-other,0.0,206,206.0,206,206,3143,0.0,653744,0.2767,2023
0.0,1.0,1.0,0.0,1.0,0.0,0.0,0.0,1.0,0.3143,1.0,fv_psy_fc_htpart_2023_M12.txt,PSY-other,0.0,105,105.0,105,105,9226,0.0,987182,0.6857,2023
,,,,,,,,,,,fv_psy_fc_ic_2023_M12.txt,PSY-other,,,,,,0,,0,,2023
0.05,0.0,1.0,0.0,0.0,0.0,0.0,0.0,1.0,0.38,0.0,fv_psy_ficum_2023_M12.txt,PSY-other,0.0,80,80.0,80,80,40,0.0,3280,0.57,2023
0.0759,1.0,0.0,1.0,1.0,1.0,1.0,0.0,1.0,0.7576,1.0,fv_psy_raa_2023_M12.txt,PSY-other,0.0,96,96.0,96,96,10000,1.0,2593668,0.1664,2023
0.0196,1.0,0.0,1.0,1.0,1.0,1.0,0.0,1.0,0.7775,1.0,fv_psy_rps_2023_M12.txt,PSY-other,0.0,154,154.0,154,154,2773,1.0,432588,0.203,2023
0.01,0.9994,0.9726,1.0,0.0,0.0,0.9375,0.0,0.9994,0.4555,0.9688,fv_psy_vh_2023_M12.txt,PSY-other,0.0,518,518.0,518,518,1568,0.0,815360,0.5345,2023
0.0161,1.0,1.0,1.0,0.0,0.0,0.0,0.0,1.0,0.3879,1.0,fv_psy_vip_2023_M12.txt,PSY-other,0.0,124,124.0,124,124,1575,0.0,198450,0.5959,2023
0.2033,1.0,0.4682,1.0,1.0,1.0,0.0,1.0,0.6097,0.5134,0.0,fv_psy_ano_2024_M12.txt,PSY-other,0.0,206,206.0,206,206,2849,0.0,592592,0.2794,2024
0.0,1.0,1.0,0.0,1.0,0.0,0.0,0.0,1.0,0.3143,1.0,fv_psy_fc_htpart_2024_M12.txt,PSY-other,0.0,105,105.0,105,105,9684,0.0,1036188,0.6857,2024
0.05,0.0,1.0,0.0,0.0,0.0,0.0,0.0,1.0,0.3798,0.0,fv_psy_ficum_2024_M12.txt,PSY-other,0.0,80,80.0,80,80,42,0.0,3444,0.5702,2024
0.0765,1.0,0.0,1.0,1.0,1.0,1.0,0.0,1.0,0.7568,1.0,fv_psy_raa_2024_M12.txt,PSY-other,0.0,96,96.0,96,96,10000,1.0,2542904,0.1667,2024
0.0195,1.0,0.0,1.0,1.0,1.0,1.0,0.0,1.0,0.7773,1.0,fv_psy_rps_2024_M12.txt,PSY-other,0.0,154,154.0,154,154,2674,1.0,417144,0.2032,2024
0.0099,0.9993,0.9625,1.0,0.0,0.0,0.6829,0.0,0.9993,0.447,0.9483,fv_psy_vh_2024_M12.txt,PSY-other,0.0,518,518.0,518,518,1334,0.0,693680,0.5431,2024
0.0161,1.0,1.0,1.0,0.0,0.0,0.0,0.0,1.0,0.3975,0.9993,fv_psy_vip_2024_M12.txt,PSY-other,0.0,124,124.0,124,124,1515,0.0,190890,0.5864,2024
0.6601,1.0,0.4682,1.0,1.0,1.0,0.0,1.0,0.6097,0.2382,0.0,940140015.2024.12.anohosp.txt,ANO-HOSP,0.0,1933,1747.4,1584,1584,2849,0.0,4984080,0.0745,2024
0.0,1.0,0.0,1.0,0.0,0.0,0.0,0.0,0.0,0.45,0.0,940140015.2024.12.hosp_pmsi.autogen.txt,INCONNU,0.0,40,40.0,40,40,2674,0.0,112308,0.55,2024
0.0773,1.0,0.0,1.0,1.0,1.0,1.0,0.0,1.0,0.7507,1.0,940140015.2024.12.rpa.txt,INCONNU,0.0,136,97.5,96,96,10000,1.0,2588032,0.172,2024
0.0211,1.0,0.0,1.0,1.0,1.0,1.0,0.0,1.0,0.7711,1.0,940140015.2024.12.rps.txt,RPS,0.0,194,156.5,154,154,2674,1.0,423703,0.2078,2024
0.0,1.0,1.0,0.0,1.0,0.0,0.0,0.0,1.0,0.7021,1.0,940140015.2024.12.tpartiel.txt,INCONNU,0.0,47,47.0,47,47,9684,0.0,474516,0.2979,2024
0.6736,0.0,0.0,0.2143,0.0,0.0,0.0714,0.0,0.0714,0.1095,0.0,RAPPORT_F2PDF2.txt,INCONNU,0.0,89,34.6,31,9,14,0.0,518,0.0909,0
0.45,0.0,0.0,0.0,0.0,0.0,0.0,0.0,0.0,0.05,0.0,~$PPORT_F2PDF2.txt,INCONNU,0.0,107,80.0,107,53,2,0.0,162,0.025,0
0.1485,0.0,1.0,1.0,1.0,1.0,0.0245,1.0,0.6286,0.8364,0.0,fv_psy_ano_2018_M12.txt,PSY-other,0.0,206,206.0,206,206,1753,0.0,364624,0.0151,2018
0.0,0.0,0.0,0.0,0.0,0.0,0.0,0.0,0.0,0.0,0.0,fv_psy_fc_ic_2018_M12.txt,PSY-other,0.0,105,105.0,105,105,1,0.0,107,1.0,2018
0.05,0.0,1.0,0.0,0.0,0.0,0.0,0.0,1.0,0.38,0.0,fv_psy_ficum_2023_M12___date___non_attendu.txt,PSY-other,0.0,80,80.0,80,80,40,0.0,3280,0.57,2023
0.0667,1.0,0.0,1.0,1.0,1.0,1.0,1.0,1.0,0.8767,1.0,fv_psy_raa_2018_M12.txt,PSY-other,0.0,90,90.0,90,90,10000,1.0,2251148,0.0566,2018
0.02,1.0,0.0,1.0,1.0,1.0,1.0,1.0,1.0,0.9028,1.0,fv_psy_rps_2018_M12.txt,PSY-other,0.0,154,154.0,154,154,2242,1.0,349752,0.0772,2018
0.0092,0.9971,0.996,1.0,1.0,0.0,0.1786,0.0,0.9971,0.3968,0.9612,fv_psy_vh_2018_M12.txt,PSY-other,0.0,518,518.0,518,518,1753,0.0,911560,0.5941,2018
0.1544,0.0,1.0,1.0,1.0,1.0,0.0522,1.0,0.6263,0.8311,0.0,fv_psy_ano_2019_M12.txt,PSY-other,0.0,206,206.0,206,206,1742,0.0,362336,0.0146,2019
0.0095,1.0,1.0,1.0,1.0,1.0,1.0,0.0,1.0,0.5524,1.0,fv_psy_fc_ic_2019_M12.txt,PSY-other,0.0,105,105.0,105,105,370,0.0,39590,0.4381,2019
0.05,0.0,1.0,0.0,0.0,0.0,0.0,0.0,1.0,0.38,0.0,fv_psy_ficum_2023_M12___date___non_attendu.txt,PSY-other,0.0,80,80.0,80,80,40,0.0,3280,0.57,2023
0.0667,1.0,0.0,1.0,1.0,1.0,1.0,1.0,1.0,0.8768,1.0,fv_psy_raa_2019_M12.txt,PSY-other,0.0,90,90.0,90,90,10000,1.0,1993548,0.0565,2019
0.0201,1.0,0.0,1.0,1.0,1.0,1.0,1.0,1.0,0.9042,1.0,fv_psy_rps_2019_M12.txt,PSY-other,0.0,154,154.0,154,154,2379,1.0,371124,0.0757,2019
0.0099,1.0,0.9977,1.0,1.0,0.0,0.1722,0.0,1.0,0.4195,0.9851,fv_psy_vh_2019_M12.txt,PSY-other,0.0,518,518.0,518,518,1742,0.0,905840,0.5706,2019
0.2032,0.0,0.5085,1.0,0.9993,0.9993,0.0,1.0,0.6225,0.5475,0.0,fv_psy_ano_2020_M12.txt,PSY-other,0.0,206,206.0,206,206,2824,0.0,587392,0.2488,2020
,,,,,,,,,,,fv_psy_fc_htpart_2020_M12.txt,PSY-other,,,,,,0,,0,,2020
0.019,1.0,1.0,1.0,1.0,1.0,1.0,1.0,1.0,0.981,1.0,fv_psy_fc_ic_2020_M12.TXT,PSY-other,0.0,105,105.0,105,105,90,0.0,9630,0.0,2020
0.05,0.0,1.0,0.0,0.0,0.0,0.0,0.0,1.0,0.38,0.0,fv_psy_ficum_2023_M12___date___non_attendu.txt,PSY-other,0.0,80,80.0,80,80,40,0.0,3280,0.57,2023
0.0667,1.0,0.0,1.0,1.0,1.0,1.0,1.0,1.0,0.8765,1.0,fv_psy_raa_2020_M12.txt,PSY-other,0.0,90,90.0,90,90,10000,1.0,1911116,0.0568,2020
0.0203,1.0,0.0,1.0,1.0,1.0,1.0,1.0,1.0,0.9006,1.0,fv_psy_rps_2020_M12.TXT,PSY-other,0.0,154,154.0,154,154,2023,1.0,315588,0.0791,2020
0.01,0.9958,0.993,1.0,1.0,0.0,0.1469,0.0,0.9958,0.4186,0.984,fv_psy_vh_2020_M12.txt,PSY-other,0.0,518,518.0,518,518,1436,0.0,746720,0.5715,2020
0.1222,0.1239,1.0,1.0,0.0,0.0,0.0,0.0,0.1239,0.2729,0.1239,fv_psy_vip_2020_M12.txt,PSY-other,0.0,124,124.0,124,124,1388,0.0,174888,0.6049,2020
0.1222,0.1239,1.0,1.0,0.0,0.0,0.0,0.0,0.1239,0.2729,0.1239,fv_psy_vip_2020_M12_FORMAT_OK.txt,PSY-other,0.0,124,124.0,124,124,1388,0.0,174888,0.6049,2020
0.0383,1.0,0.0,0.0,0.0,0.0,0.0,0.0,0.0,0.2083,0.0,fv_psy_fs_cov_tests_2021_M12.txt,PSY-other,0.0,120,120.0,120,120,5,0.0,610,0.7483,2021
0.0167,1.0,1.0,1.0,0.0,0.0,0.0,0.0,0.0,0.1917,0.0,fv_psy_fs_cov_vax_2021_M12.txt,PSY-other,0.0,120,120.0,120,120,4,0.0,488,0.7833,2021
0.2332,0.0,0.4118,1.0,1.0,1.0,0.0,1.0,0.617,0.4797,0.0,fv_psy_ano_2021_M12.txt,PSY-other,0.0,206,206.0,206,206,3888,0.0,808704,0.2844,2021
0.0,1.0,1.0,0.0,1.0,0.0,0.0,0.0,1.0,0.3048,1.0,fv_psy_fc_htpart_2021_M12.txt,PSY-other,0.0,105,105.0,105,105,8241,0.0,881787,0.6952,2021
0.019,1.0,1.0,0.0,1.0,1.0,1.0,1.0,1.0,0.8762,1.0,fv_psy_fc_ic_2021_M12.txt,PSY-other,0.0,105,105.0,105,105,239,0.0,25573,0.1048,2021
0.0778,1.0,0.0,1.0,1.0,1.0,1.0,1.0,1.0,0.7874,1.0,fv_psy_raa_2021_M12.txt,PSY-other,0.0,90,90.0,90,90,10000,1.0,1861252,0.1347,2021
0.0207,1.0,0.0,1.0,1.0,1.0,1.0,1.0,1.0,0.7844,1.0,fv_psy_rps_2021_M12.txt,PSY-other,0.0,154,154.0,154,154,2267,1.0,353652,0.195,2021
0.0097,0.9956,0.9906,1.0,0.0,0.0,0.0,0.0,0.9956,0.3935,0.9838,fv_psy_vh_2021_M12.txt,PSY-other,0.0,518,518.0,518,518,1601,0.0,832520,0.5968,2021
0.0161,0.5807,1.0,1.0,0.0,0.0,0.0,0.0,0.5807,0.3283,0.5807,fv_psy_vip_2021_M12.txt,PSY-other,0.0,124,124.0,124,124,2287,0.0,288162,0.6556,2021
0.0161,0.5807,1.0,1.0,0.0,0.0,0.0,0.0,0.5807,0.3283,0.5807,fv_psy_vip_2021_M12_FORMAT_ok.txt,PSY-other,0.0,124,124.0,124,124,2287,0.0,288162,0.6556,2021
0.0417,1.0,0.0,1.0,0.0,0.0,0.0,0.0,0.0,0.1917,0.0,fv_psy_fs_cov_tests_2022_M12.txt,PSY-other,0.0,120,120.0,120,120,3,0.0,366,0.7583,2022
0.218,0.0,0.411,1.0,1.0,1.0,0.0,1.0,0.6203,0.4947,0.0,fv_psy_ano_2022_M12.txt,PSY-other,0.0,206,206.0,206,206,3640,0.0,757120,0.2845,2022
0.0,1.0,1.0,0.0,1.0,0.0,0.0,0.0,1.0,0.3048,1.0,fv_psy_fc_htpart_2022_M12.txt,PSY-other,0.0,105,105.0,105,105,8797,0.0,941279,0.6952,2022
0.019,1.0,1.0,0.0,1.0,1.0,1.0,1.0,1.0,0.8762,1.0,fv_psy_fc_ic_2022_M12.TXT,PSY-other,0.0,105,105.0,105,105,161,0.0,17227,0.1048,2022
0.05,0.0,1.0,0.0,0.0,0.0,0.0,0.0,1.0,0.38,0.0,fv_psy_ficum_2023_M12___date.txt,PSY-other,0.0,80,80.0,80,80,40,0.0,3280,0.57,2023
0.073,1.0,0.0,1.0,1.0,1.0,1.0,0.0,1.0,0.759,1.0,fv_psy_raa_2022_M12.txt,PSY-other,0.0,96,96.0,96,96,10000,1.0,2008412,0.1679,2022
0.0195,1.0,0.0,1.0,1.0,1.0,1.0,0.0,1.0,0.7766,1.0,fv_psy_rps_2022_M12.txt,PSY-other,0.0,154,154.0,154,154,2068,1.0,322608,0.2039,2022
0.0098,0.9987,0.9913,1.0,0.0,0.0,0.498,0.0,0.9987,0.4313,0.9873,fv_psy_vh_2022_M12.txt,PSY-other,0.0,518,518.0,518,518,1496,0.0,777920,0.5589,2022
0.0161,0.6362,1.0,1.0,0.0,0.0,0.0,0.0,0.6362,0.335,0.6362,fv_psy_vip_2022_M12.txt,PSY-other,0.0,124,124.0,124,124,2144,0.0,270144,0.6488,2022
0.0161,0.6362,1.0,1.0,0.0,0.0,0.0,0.0,0.6362,0.335,0.6362,fv_psy_vip_2022_M12_FORMAT_ok.txt,PSY-other,0.0,124,124.0,124,124,2144,0.0,270144,0.6488,2022
0.1944,1.0,0.4989,1.0,1.0,1.0,0.0,1.0,0.6169,0.5251,0.0,fv_psy_ano_2023_M12.txt,PSY-other,0.0,206,206.0,206,206,3143,0.0,653744,0.2767,2023
0.0,1.0,1.0,0.0,1.0,0.0,0.0,0.0,1.0,0.3143,1.0,fv_psy_fc_htpart_2023_M12.txt,PSY-other,0.0,105,105.0,105,105,9226,0.0,987182,0.6857,2023
,,,,,,,,,,,fv_psy_fc_ic_2023_M12.txt,PSY-other,,,,,,0,,0,,2023
0.05,0.0,1.0,0.0,0.0,0.0,0.0,0.0,1.0,0.38,0.0,fv_psy_ficum_2023_M12.txt,PSY-other,0.0,80,80.0,80,80,40,0.0,3280,0.57,2023
0.0759,1.0,0.0,1.0,1.0,1.0,1.0,0.0,1.0,0.7576,1.0,fv_psy_raa_2023_M12.txt,PSY-other,0.0,96,96.0,96,96,10000,1.0,2593668,0.1664,2023
0.0196,1.0,0.0,1.0,1.0,1.0,1.0,0.0,1.0,0.7775,1.0,fv_psy_rps_2023_M12.txt,PSY-other,0.0,154,154.0,154,154,2773,1.0,432588,0.203,2023
0.01,0.9994,0.9726,1.0,0.0,0.0,0.9375,0.0,0.9994,0.4555,0.9688,fv_psy_vh_2023_M12.txt,PSY-other,0.0,518,518.0,518,518,1568,0.0,815360,0.5345,2023
0.0161,1.0,1.0,1.0,0.0,0.0,0.0,0.0,1.0,0.3879,1.0,fv_psy_vip_2023_M12.txt,PSY-other,0.0,124,124.0,124,124,1575,0.0,198450,0.5959,2023
0.2033,1.0,0.4682,1.0,1.0,1.0,0.0,1.0,0.6097,0.5134,0.0,fv_psy_ano_2024_M12.txt,PSY-other,0.0,206,206.0,206,206,2849,0.0,592592,0.2794,2024
0.0,1.0,1.0,0.0,1.0,0.0,0.0,0.0,1.0,0.3143,1.0,fv_psy_fc_htpart_2024_M12.txt,PSY-other,0.0,105,105.0,105,105,9684,0.0,1036188,0.6857,2024
0.05,0.0,1.0,0.0,0.0,0.0,0.0,0.0,1.0,0.3798,0.0,fv_psy_ficum_2024_M12.txt,PSY-other,0.0,80,80.0,80,80,42,0.0,3444,0.5702,2024
0.0765,1.0,0.0,1.0,1.0,1.0,1.0,0.0,1.0,0.7568,1.0,fv_psy_raa_2024_M12.txt,PSY-other,0.0,96,96.0,96,96,10000,1.0,2542904,0.1667,2024
0.0195,1.0,0.0,1.0,1.0,1.0,1.0,0.0,1.0,0.7773,1.0,fv_psy_rps_2024_M12.txt,PSY-other,0.0,154,154.0,154,154,2674,1.0,417144,0.2032,2024
0.0099,0.9993,0.9625,1.0,0.0,0.0,0.6829,0.0,0.9993,0.447,0.9483,fv_psy_vh_2024_M12.txt,PSY-other,0.0,518,518.0,518,518,1334,0.0,693680,0.5431,2024
0.0161,1.0,1.0,1.0,0.0,0.0,0.0,0.0,1.0,0.3975,0.9993,fv_psy_vip_2024_M12.txt,PSY-other,0.0,124,124.0,124,124,1515,0.0,190890,0.5864,2024
0.6601,1.0,0.4682,1.0,1.0,1.0,0.0,1.0,0.6097,0.2382,0.0,940140015.2024.12.anohosp.txt,ANO-HOSP,0.0,1933,1747.4,1584,1584,2849,0.0,4984080,0.0745,2024
0.0,1.0,0.0,1.0,0.0,0.0,0.0,0.0,0.0,0.45,0.0,940140015.2024.12.hosp_pmsi.autogen.txt,INCONNU,0.0,40,40.0,40,40,2674,0.0,112308,0.55,2024
0.0773,1.0,0.0,1.0,1.0,1.0,1.0,0.0,1.0,0.7507,1.0,940140015.2024.12.rpa.txt,INCONNU,0.0,136,97.5,96,96,10000,1.0,2588032,0.172,2024
0.0211,1.0,0.0,1.0,1.0,1.0,1.0,0.0,1.0,0.7711,1.0,940140015.2024.12.rps.txt,RPS,0.0,194,156.5,154,154,2674,1.0,423703,0.2078,2024
0.0,1.0,1.0,0.0,1.0,0.0,0.0,0.0,1.0,0.7021,1.0,940140015.2024.12.tpartiel.txt,INCONNU,0.0,47,47.0,47,47,9684,0.0,474516,0.2979,2024
0.6869,0.0,0.1905,0.2381,0.0,0.0476,0.0,0.0,0.0476,0.1073,0.0,GUIDE_F2PDF2.txt,INCONNU,0.0,79,37.7,31,9,21,0.0476,842,0.1073,0
0.4211,0.0,0.0,0.0,0.0,0.0,0.0,0.0,0.0,0.0461,0.0,~$IDE_F2PDF2.txt,INCONNU,0.0,53,30.4,31,17,5,0.0,162,0.0526,0
0.1485,0.0,1.0,1.0,1.0,1.0,0.0245,1.0,0.6286,0.8364,0.0,fv_psy_ano_2018_M12.txt,PSY-other,0.0,206,206.0,206,206,1753,0.0,364624,0.0151,2018
0.0,0.0,0.0,0.0,0.0,0.0,0.0,0.0,0.0,0.0,0.0,fv_psy_fc_ic_2018_M12.txt,PSY-other,0.0,105,105.0,105,105,1,0.0,107,1.0,2018
0.05,0.0,1.0,0.0,0.0,0.0,0.0,0.0,1.0,0.38,0.0,fv_psy_ficum_2023_M12___date___non_attendu.txt,PSY-other,0.0,80,80.0,80,80,40,0.0,3280,0.57,2023
0.0667,1.0,0.0,1.0,1.0,1.0,1.0,1.0,1.0,0.8767,1.0,fv_psy_raa_2018_M12.txt,PSY-other,0.0,90,90.0,90,90,10000,1.0,2251148,0.0566,2018
0.02,1.0,0.0,1.0,1.0,1.0,1.0,1.0,1.0,0.9028,1.0,fv_psy_rps_2018_M12.txt,PSY-other,0.0,154,154.0,154,154,2242,1.0,349752,0.0772,2018
0.0092,0.9971,0.996,1.0,1.0,0.0,0.1786,0.0,0.9971,0.3968,0.9612,fv_psy_vh_2018_M12.txt,PSY-other,0.0,518,518.0,518,518,1753,0.0,911560,0.5941,2018
0.1544,0.0,1.0,1.0,1.0,1.0,0.0522,1.0,0.6263,0.8311,0.0,fv_psy_ano_2019_M12.txt,PSY-other,0.0,206,206.0,206,206,1742,0.0,362336,0.0146,2019
0.0095,1.0,1.0,1.0,1.0,1.0,1.0,0.0,1.0,0.5524,1.0,fv_psy_fc_ic_2019_M12.txt,PSY-other,0.0,105,105.0,105,105,370,0.0,39590,0.4381,2019
0.05,0.0,1.0,0.0,0.0,0.0,0.0,0.0,1.0,0.38,0.0,fv_psy_ficum_2023_M12___date___non_attendu.txt,PSY-other,0.0,80,80.0,80,80,40,0.0,3280,0.57,2023
0.0667,1.0,0.0,1.0,1.0,1.0,1.0,1.0,1.0,0.8768,1.0,fv_psy_raa_2019_M12.txt,PSY-other,0.0,90,90.0,90,90,10000,1.0,1993548,0.0565,2019
0.0201,1.0,0.0,1.0,1.0,1.0,1.0,1.0,1.0,0.9042,1.0,fv_psy_rps_2019_M12.txt,PSY-other,0.0,154,154.0,154,154,2379,1.0,371124,0.0757,2019
0.0099,1.0,0.9977,1.0,1.0,0.0,0.1722,0.0,1.0,0.4195,0.9851,fv_psy_vh_2019_M12.txt,PSY-other,0.0,518,518.0,518,518,1742,0.0,905840,0.5706,2019
0.2032,0.0,0.5085,1.0,0.9993,0.9993,0.0,1.0,0.6225,0.5475,0.0,fv_psy_ano_2020_M12.txt,PSY-other,0.0,206,206.0,206,206,2824,0.0,587392,0.2488,2020
,,,,,,,,,,,fv_psy_fc_htpart_2020_M12.txt,PSY-other,,,,,,0,,0,,2020
0.019,1.0,1.0,1.0,1.0,1.0,1.0,1.0,1.0,0.981,1.0,fv_psy_fc_ic_2020_M12.TXT,PSY-other,0.0,105,105.0,105,105,90,0.0,9630,0.0,2020
0.05,0.0,1.0,0.0,0.0,0.0,0.0,0.0,1.0,0.38,0.0,fv_psy_ficum_2023_M12___date___non_attendu.txt,PSY-other,0.0,80,80.0,80,80,40,0.0,3280,0.57,2023
0.0667,1.0,0.0,1.0,1.0,1.0,1.0,1.0,1.0,0.8765,1.0,fv_psy_raa_2020_M12.txt,PSY-other,0.0,90,90.0,90,90,10000,1.0,1911116,0.0568,2020
0.0203,1.0,0.0,1.0,1.0,1.0,1.0,1.0,1.0,0.9006,1.0,fv_psy_rps_2020_M12.TXT,PSY-other,0.0,154,154.0,154,154,2023,1.0,315588,0.0791,2020
0.01,0.9958,0.993,1.0,1.0,0.0,0.1469,0.0,0.9958,0.4186,0.984,fv_psy_vh_2020_M12.txt,PSY-other,0.0,518,518.0,518,518,1436,0.0,746720,0.5715,2020
0.1222,0.1239,1.0,1.0,0.0,0.0,0.0,0.0,0.1239,0.2729,0.1239,fv_psy_vip_2020_M12.txt,PSY-other,0.0,124,124.0,124,124,1388,0.0,174888,0.6049,2020
0.1222,0.1239,1.0,1.0,0.0,0.0,0.0,0.0,0.1239,0.2729,0.1239,fv_psy_vip_2020_M12_FORMAT_OK.txt,PSY-other,0.0,124,124.0,124,124,1388,0.0,174888,0.6049,2020
0.0383,1.0,0.0,0.0,0.0,0.0,0.0,0.0,0.0,0.2083,0.0,fv_psy_fs_cov_tests_2021_M12.txt,PSY-other,0.0,120,120.0,120,120,5,0.0,610,0.7483,2021
0.0167,1.0,1.0,1.0,0.0,0.0,0.0,0.0,0.0,0.1917,0.0,fv_psy_fs_cov_vax_2021_M12.txt,PSY-other,0.0,120,120.0,120,120,4,0.0,488,0.7833,2021
0.2332,0.0,0.4118,1.0,1.0,1.0,0.0,1.0,0.617,0.4797,0.0,fv_psy_ano_2021_M12.txt,PSY-other,0.0,206,206.0,206,206,3888,0.0,808704,0.2844,2021
0.0,1.0,1.0,0.0,1.0,0.0,0.0,0.0,1.0,0.3048,1.0,fv_psy_fc_htpart_2021_M12.txt,PSY-other,0.0,105,105.0,105,105,8241,0.0,881787,0.6952,2021
0.019,1.0,1.0,0.0,1.0,1.0,1.0,1.0,1.0,0.8762,1.0,fv_psy_fc_ic_2021_M12.txt,PSY-other,0.0,105,105.0,105,105,239,0.0,25573,0.1048,2021
0.0778,1.0,0.0,1.0,1.0,1.0,1.0,1.0,1.0,0.7874,1.0,fv_psy_raa_2021_M12.txt,PSY-other,0.0,90,90.0,90,90,10000,1.0,1861252,0.1347,2021
0.0207,1.0,0.0,1.0,1.0,1.0,1.0,1.0,1.0,0.7844,1.0,fv_psy_rps_2021_M12.txt,PSY-other,0.0,154,154.0,154,154,2267,1.0,353652,0.195,2021
0.0097,0.9956,0.9906,1.0,0.0,0.0,0.0,0.0,0.9956,0.3935,0.9838,fv_psy_vh_2021_M12.txt,PSY-other,0.0,518,518.0,518,518,1601,0.0,832520,0.5968,2021
0.0161,0.5807,1.0,1.0,0.0,0.0,0.0,0.0,0.5807,0.3283,0.5807,fv_psy_vip_2021_M12.txt,PSY-other,0.0,124,124.0,124,124,2287,0.0,288162,0.6556,2021
0.0161,0.5807,1.0,1.0,0.0,0.0,0.0,0.0,0.5807,0.3283,0.5807,fv_psy_vip_2021_M12_FORMAT_ok.txt,PSY-other,0.0,124,124.0,124,124,2287,0.0,288162,0.6556,2021
0.0417,1.0,0.0,1.0,0.0,0.0,0.0,0.0,0.0,0.1917,0.0,fv_psy_fs_cov_tests_2022_M12.txt,PSY-other,0.0,120,120.0,120,120,3,0.0,366,0.7583,2022
0.218,0.0,0.411,1.0,1.0,1.0,0.0,1.0,0.6203,0.4947,0.0,fv_psy_ano_2022_M12.txt,PSY-other,0.0,206,206.0,206,206,3640,0.0,757120,0.2845,2022
0.0,1.0,1.0,0.0,1.0,0.0,0.0,0.0,1.0,0.3048,1.0,fv_psy_fc_htpart_2022_M12.txt,PSY-other,0.0,105,105.0,105,105,8797,0.0,941279,0.6952,2022
0.019,1.0,1.0,0.0,1.0,1.0,1.0,1.0,1.0,0.8762,1.0,fv_psy_fc_ic_2022_M12.TXT,PSY-other,0.0,105,105.0,105,105,161,0.0,17227,0.1048,2022
0.05,0.0,1.0,0.0,0.0,0.0,0.0,0.0,1.0,0.38,0.0,fv_psy_ficum_2023_M12___date.txt,PSY-other,0.0,80,80.0,80,80,40,0.0,3280,0.57,2023
0.073,1.0,0.0,1.0,1.0,1.0,1.0,0.0,1.0,0.759,1.0,fv_psy_raa_2022_M12.txt,PSY-other,0.0,96,96.0,96,96,10000,1.0,2008412,0.1679,2022
0.0195,1.0,0.0,1.0,1.0,1.0,1.0,0.0,1.0,0.7766,1.0,fv_psy_rps_2022_M12.txt,PSY-other,0.0,154,154.0,154,154,2068,1.0,322608,0.2039,2022
0.0098,0.9987,0.9913,1.0,0.0,0.0,0.498,0.0,0.9987,0.4313,0.9873,fv_psy_vh_2022_M12.txt,PSY-other,0.0,518,518.0,518,518,1496,0.0,777920,0.5589,2022
0.0161,0.6362,1.0,1.0,0.0,0.0,0.0,0.0,0.6362,0.335,0.6362,fv_psy_vip_2022_M12.txt,PSY-other,0.0,124,124.0,124,124,2144,0.0,270144,0.6488,2022
0.0161,0.6362,1.0,1.0,0.0,0.0,0.0,0.0,0.6362,0.335,0.6362,fv_psy_vip_2022_M12_FORMAT_ok.txt,PSY-other,0.0,124,124.0,124,124,2144,0.0,270144,0.6488,2022
0.1944,1.0,0.4989,1.0,1.0,1.0,0.0,1.0,0.6169,0.5251,0.0,fv_psy_ano_2023_M12.txt,PSY-other,0.0,206,206.0,206,206,3143,0.0,653744,0.2767,2023
0.0,1.0,1.0,0.0,1.0,0.0,0.0,0.0,1.0,0.3143,1.0,fv_psy_fc_htpart_2023_M12.txt,PSY-other,0.0,105,105.0,105,105,9226,0.0,987182,0.6857,2023
,,,,,,,,,,,fv_psy_fc_ic_2023_M12.txt,PSY-other,,,,,,0,,0,,2023
0.05,0.0,1.0,0.0,0.0,0.0,0.0,0.0,1.0,0.38,0.0,fv_psy_ficum_2023_M12.txt,PSY-other,0.0,80,80.0,80,80,40,0.0,3280,0.57,2023
0.0759,1.0,0.0,1.0,1.0,1.0,1.0,0.0,1.0,0.7576,1.0,fv_psy_raa_2023_M12.txt,PSY-other,0.0,96,96.0,96,96,10000,1.0,2593668,0.1664,2023
0.0196,1.0,0.0,1.0,1.0,1.0,1.0,0.0,1.0,0.7775,1.0,fv_psy_rps_2023_M12.txt,PSY-other,0.0,154,154.0,154,154,2773,1.0,432588,0.203,2023
0.01,0.9994,0.9726,1.0,0.0,0.0,0.9375,0.0,0.9994,0.4555,0.9688,fv_psy_vh_2023_M12.txt,PSY-other,0.0,518,518.0,518,518,1568,0.0,815360,0.5345,2023
0.0161,1.0,1.0,1.0,0.0,0.0,0.0,0.0,1.0,0.3879,1.0,fv_psy_vip_2023_M12.txt,PSY-other,0.0,124,124.0,124,124,1575,0.0,198450,0.5959,2023
0.2033,1.0,0.4682,1.0,1.0,1.0,0.0,1.0,0.6097,0.5134,0.0,fv_psy_ano_2024_M12.txt,PSY-other,0.0,206,206.0,206,206,2849,0.0,592592,0.2794,2024
0.0,1.0,1.0,0.0,1.0,0.0,0.0,0.0,1.0,0.3143,1.0,fv_psy_fc_htpart_2024_M12.txt,PSY-other,0.0,105,105.0,105,105,9684,0.0,1036188,0.6857,2024
0.05,0.0,1.0,0.0,0.0,0.0,0.0,0.0,1.0,0.3798,0.0,fv_psy_ficum_2024_M12.txt,PSY-other,0.0,80,80.0,80,80,42,0.0,3444,0.5702,2024
0.0765,1.0,0.0,1.0,1.0,1.0,1.0,0.0,1.0,0.7568,1.0,fv_psy_raa_2024_M12.txt,PSY-other,0.0,96,96.0,96,96,10000,1.0,2542904,0.1667,2024
0.0195,1.0,0.0,1.0,1.0,1.0,1.0,0.0,1.0,0.7773,1.0,fv_psy_rps_2024_M12.txt,PSY-other,0.0,154,154.0,154,154,2674,1.0,417144,0.2032,2024
0.0099,0.9993,0.9625,1.0,0.0,0.0,0.6829,0.0,0.9993,0.447,0.9483,fv_psy_vh_2024_M12.txt,PSY-other,0.0,518,518.0,518,518,1334,0.0,693680,0.5431,2024
0.0161,1.0,1.0,1.0,0.0,0.0,0.0,0.0,1.0,0.3975,0.9993,fv_psy_vip_2024_M12.txt,PSY-other,0.0,124,124.0,124,124,1515,0.0,190890,0.5864,2024
0.6601,1.0,0.4682,1.0,1.0,1.0,0.0,1.0,0.6097,0.2382,0.0,940140015.2024.12.anohosp.txt,ANO-HOSP,0.0,1933,1747.4,1584,1584,2849,0.0,4984080,0.0745,2024
0.0,1.0,0.0,1.0,0.0,0.0,0.0,0.0,0.0,0.45,0.0,940140015.2024.12.hosp_pmsi.autogen.txt,INCONNU,0.0,40,40.0,40,40,2674,0.0,112308,0.55,2024
0.0773,1.0,0.0,1.0,1.0,1.0,1.0,0.0,1.0,0.7507,1.0,940140015.2024.12.rpa.txt,INCONNU,0.0,136,97.5,96,96,10000,1.0,2588032,0.172,2024
0.0211,1.0,0.0,1.0,1.0,1.0,1.0,0.0,1.0,0.7711,1.0,940140015.2024.12.rps.txt,RPS,0.0,194,156.5,154,154,2674,1.0,423703,0.2078,2024
0.0,1.0,1.0,0.0,1.0,0.0,0.0,0.0,1.0,0.7021,1.0,940140015.2024.12.tpartiel.txt,INCONNU,0.0,47,47.0,47,47,9684,0.0,474516,0.2979,2024
0.6869,0.0,0.1905,0.2381,0.0,0.0476,0.0,0.0,0.0476,0.1073,0.0,GUIDE_F2PDF2.txt,INCONNU,0.0,79,37.7,31,9,21,0.0476,842,0.1073,0
0.4474,0.0,0.0,0.0,0.0,0.0,0.0,0.0,0.0,0.0395,0.0,~$IDE_F2PDF2.txt,INCONNU,0.0,53,30.4,31,17,5,0.0,162,0.0526,0
0.1485,0.0,1.0,1.0,1.0,1.0,0.0245,1.0,0.6286,0.8364,0.0,fv_psy_ano_2018_M12.txt,PSY-other,0.0,206,206.0,206,206,1753,0.0,364624,0.0151,2018
0.0,0.0,0.0,0.0,0.0,0.0,0.0,0.0,0.0,0.0,0.0,fv_psy_fc_ic_2018_M12.txt,PSY-other,0.0,105,105.0,105,105,1,0.0,107,1.0,2018
0.05,0.0,1.0,0.0,0.0,0.0,0.0,0.0,1.0,0.38,0.0,fv_psy_ficum_2023_M12___date___non_attendu.txt,PSY-other,0.0,80,80.0,80,80,40,0.0,3280,0.57,2023
0.0667,1.0,0.0,1.0,1.0,1.0,1.0,1.0,1.0,0.8767,1.0,fv_psy_raa_2018_M12.txt,PSY-other,0.0,90,90.0,90,90,10000,1.0,2251148,0.0566,2018
0.02,1.0,0.0,1.0,1.0,1.0,1.0,1.0,1.0,0.9028,1.0,fv_psy_rps_2018_M12.txt,PSY-other,0.0,154,154.0,154,154,2242,1.0,349752,0.0772,2018
0.0092,0.9971,0.996,1.0,1.0,0.0,0.1786,0.0,0.9971,0.3968,0.9612,fv_psy_vh_2018_M12.txt,PSY-other,0.0,518,518.0,518,518,1753,0.0,911560,0.5941,2018
0.1544,0.0,1.0,1.0,1.0,1.0,0.0522,1.0,0.6263,0.8311,0.0,fv_psy_ano_2019_M12.txt,PSY-other,0.0,206,206.0,206,206,1742,0.0,362336,0.0146,2019
0.0095,1.0,1.0,1.0,1.0,1.0,1.0,0.0,1.0,0.5524,1.0,fv_psy_fc_ic_2019_M12.txt,PSY-other,0.0,105,105.0,105,105,370,0.0,39590,0.4381,2019
0.05,0.0,1.0,0.0,0.0,0.0,0.0,0.0,1.0,0.38,0.0,fv_psy_ficum_2023_M12___date___non_attendu.txt,PSY-other,0.0,80,80.0,80,80,40,0.0,3280,0.57,2023
0.0667,1.0,0.0,1.0,1.0,1.0,1.0,1.0,1.0,0.8768,1.0,fv_psy_raa_2019_M12.txt,PSY-other,0.0,90,90.0,90,90,10000,1.0,1993548,0.0565,2019
0.0201,1.0,0.0,1.0,1.0,1.0,1.0,1.0,1.0,0.9042,1.0,fv_psy_rps_2019_M12.txt,PSY-other,0.0,154,154.0,154,154,2379,1.0,371124,0.0757,2019
0.0099,1.0,0.9977,1.0,1.0,0.0,0.1722,0.0,1.0,0.4195,0.9851,fv_psy_vh_2019_M12.txt,PSY-other,0.0,518,518.0,518,518,1742,0.0,905840,0.5706,2019
0.2032,0.0,0.5085,1.0,0.9993,0.9993,0.0,1.0,0.6225,0.5475,0.0,fv_psy_ano_2020_M12.txt,PSY-other,0.0,206,206.0,206,206,2824,0.0,587392,0.2488,2020
,,,,,,,,,,,fv_psy_fc_htpart_2020_M12.txt,PSY-other,,,,,,0,,0,,2020
0.019,1.0,1.0,1.0,1.0,1.0,1.0,1.0,1.0,0.981,1.0,fv_psy_fc_ic_2020_M12.TXT,PSY-other,0.0,105,105.0,105,105,90,0.0,9630,0.0,2020
0.05,0.0,1.0,0.0,0.0,0.0,0.0,0.0,1.0,0.38,0.0,fv_psy_ficum_2023_M12___date___non_attendu.txt,PSY-other,0.0,80,80.0,80,80,40,0.0,3280,0.57,2023
0.0667,1.0,0.0,1.0,1.0,1.0,1.0,1.0,1.0,0.8765,1.0,fv_psy_raa_2020_M12.txt,PSY-other,0.0,90,90.0,90,90,10000,1.0,1911116,0.0568,2020
0.0203,1.0,0.0,1.0,1.0,1.0,1.0,1.0,1.0,0.9006,1.0,fv_psy_rps_2020_M12.TXT,PSY-other,0.0,154,154.0,154,154,2023,1.0,315588,0.0791,2020
0.01,0.9958,0.993,1.0,1.0,0.0,0.1469,0.0,0.9958,0.4186,0.984,fv_psy_vh_2020_M12.txt,PSY-other,0.0,518,518.0,518,518,1436,0.0,746720,0.5715,2020
0.1222,0.1239,1.0,1.0,0.0,0.0,0.0,0.0,0.1239,0.2729,0.1239,fv_psy_vip_2020_M12.txt,PSY-other,0.0,124,124.0,124,124,1388,0.0,174888,0.6049,2020
0.1222,0.1239,1.0,1.0,0.0,0.0,0.0,0.0,0.1239,0.2729,0.1239,fv_psy_vip_2020_M12_FORMAT_OK.txt,PSY-other,0.0,124,124.0,124,124,1388,0.0,174888,0.6049,2020
0.0383,1.0,0.0,0.0,0.0,0.0,0.0,0.0,0.0,0.2083,0.0,fv_psy_fs_cov_tests_2021_M12.txt,PSY-other,0.0,120,120.0,120,120,5,0.0,610,0.7483,2021
0.0167,1.0,1.0,1.0,0.0,0.0,0.0,0.0,0.0,0.1917,0.0,fv_psy_fs_cov_vax_2021_M12.txt,PSY-other,0.0,120,120.0,120,120,4,0.0,488,0.7833,2021
0.2332,0.0,0.4118,1.0,1.0,1.0,0.0,1.0,0.617,0.4797,0.0,fv_psy_ano_2021_M12.txt,PSY-other,0.0,206,206.0,206,206,3888,0.0,808704,0.2844,2021
0.0,1.0,1.0,0.0,1.0,0.0,0.0,0.0,1.0,0.3048,1.0,fv_psy_fc_htpart_2021_M12.txt,PSY-other,0.0,105,105.0,105,105,8241,0.0,881787,0.6952,2021
0.019,1.0,1.0,0.0,1.0,1.0,1.0,1.0,1.0,0.8762,1.0,fv_psy_fc_ic_2021_M12.txt,PSY-other,0.0,105,105.0,105,105,239,0.0,25573,0.1048,2021
0.0778,1.0,0.0,1.0,1.0,1.0,1.0,1.0,1.0,0.7874,1.0,fv_psy_raa_2021_M12.txt,PSY-other,0.0,90,90.0,90,90,10000,1.0,1861252,0.1347,2021
0.0207,1.0,0.0,1.0,1.0,1.0,1.0,1.0,1.0,0.7844,1.0,fv_psy_rps_2021_M12.txt,PSY-other,0.0,154,154.0,154,154,2267,1.0,353652,0.195,2021
0.0097,0.9956,0.9906,1.0,0.0,0.0,0.0,0.0,0.9956,0.3935,0.9838,fv_psy_vh_2021_M12.txt,PSY-other,0.0,518,518.0,518,518,1601,0.0,832520,0.5968,2021
0.0161,0.5807,1.0,1.0,0.0,0.0,0.0,0.0,0.5807,0.3283,0.5807,fv_psy_vip_2021_M12.txt,PSY-other,0.0,124,124.0,124,124,2287,0.0,288162,0.6556,2021
0.0161,0.5807,1.0,1.0,0.0,0.0,0.0,0.0,0.5807,0.3283,0.5807,fv_psy_vip_2021_M12_FORMAT_ok.txt,PSY-other,0.0,124,124.0,124,124,2287,0.0,288162,0.6556,2021
0.0417,1.0,0.0,1.0,0.0,0.0,0.0,0.0,0.0,0.1917,0.0,fv_psy_fs_cov_tests_2022_M12.txt,PSY-other,0.0,120,120.0,120,120,3,0.0,366,0.7583,2022
0.218,0.0,0.411,1.0,1.0,1.0,0.0,1.0,0.6203,0.4947,0.0,fv_psy_ano_2022_M12.txt,PSY-other,0.0,206,206.0,206,206,3640,0.0,757120,0.2845,2022
0.0,1.0,1.0,0.0,1.0,0.0,0.0,0.0,1.0,0.3048,1.0,fv_psy_fc_htpart_2022_M12.txt,PSY-other,0.0,105,105.0,105,105,8797,0.0,941279,0.6952,2022
0.019,1.0,1.0,0.0,1.0,1.0,1.0,1.0,1.0,0.8762,1.0,fv_psy_fc_ic_2022_M12.TXT,PSY-other,0.0,105,105.0,105,105,161,0.0,17227,0.1048,2022
0.05,0.0,1.0,0.0,0.0,0.0,0.0,0.0,1.0,0.38,0.0,fv_psy_ficum_2023_M12___date.txt,PSY-other,0.0,80,80.0,80,80,40,0.0,3280,0.57,2023
0.073,1.0,0.0,1.0,1.0,1.0,1.0,0.0,1.0,0.759,1.0,fv_psy_raa_2022_M12.txt,PSY-other,0.0,96,96.0,96,96,10000,1.0,2008412,0.1679,2022
0.0195,1.0,0.0,1.0,1.0,1.0,1.0,0.0,1.0,0.7766,1.0,fv_psy_rps_2022_M12.txt,PSY-other,0.0,154,154.0,154,154,2068,1.0,322608,0.2039,2022
0.0098,0.9987,0.9913,1.0,0.0,0.0,0.498,0.0,0.9987,0.4313,0.9873,fv_psy_vh_2022_M12.txt,PSY-other,0.0,518,518.0,518,518,1496,0.0,777920,0.5589,2022
0.0161,0.6362,1.0,1.0,0.0,0.0,0.0,0.0,0.6362,0.335,0.6362,fv_psy_vip_2022_M12.txt,PSY-other,0.0,124,124.0,124,124,2144,0.0,270144,0.6488,2022
0.0161,0.6362,1.0,1.0,0.0,0.0,0.0,0.0,0.6362,0.335,0.6362,fv_psy_vip_2022_M12_FORMAT_ok.txt,PSY-other,0.0,124,124.0,124,124,2144,0.0,270144,0.6488,2022
0.1944,1.0,0.4989,1.0,1.0,1.0,0.0,1.0,0.6169,0.5251,0.0,fv_psy_ano_2023_M12.txt,PSY-other,0.0,206,206.0,206,206,3143,0.0,653744,0.2767,2023
0.0,1.0,1.0,0.0,1.0,0.0,0.0,0.0,1.0,0.3143,1.0,fv_psy_fc_htpart_2023_M12.txt,PSY-other,0.0,105,105.0,105,105,9226,0.0,987182,0.6857,2023
,,,,,,,,,,,fv_psy_fc_ic_2023_M12.txt,PSY-other,,,,,,0,,0,,2023
0.05,0.0,1.0,0.0,0.0,0.0,0.0,0.0,1.0,0.38,0.0,fv_psy_ficum_2023_M12.txt,PSY-other,0.0,80,80.0,80,80,40,0.0,3280,0.57,2023
0.0759,1.0,0.0,1.0,1.0,1.0,1.0,0.0,1.0,0.7576,1.0,fv_psy_raa_2023_M12.txt,PSY-other,0.0,96,96.0,96,96,10000,1.0,2593668,0.1664,2023
0.0196,1.0,0.0,1.0,1.0,1.0,1.0,0.0,1.0,0.7775,1.0,fv_psy_rps_2023_M12.txt,PSY-other,0.0,154,154.0,154,154,2773,1.0,432588,0.203,2023
0.01,0.9994,0.9726,1.0,0.0,0.0,0.9375,0.0,0.9994,0.4555,0.9688,fv_psy_vh_2023_M12.txt,PSY-other,0.0,518,518.0,518,518,1568,0.0,815360,0.5345,2023
0.0161,1.0,1.0,1.0,0.0,0.0,0.0,0.0,1.0,0.3879,1.0,fv_psy_vip_2023_M12.txt,PSY-other,0.0,124,124.0,124,124,1575,0.0,198450,0.5959,2023
0.2033,1.0,0.4682,1.0,1.0,1.0,0.0,1.0,0.6097,0.5134,0.0,fv_psy_ano_2024_M12.txt,PSY-other,0.0,206,206.0,206,206,2849,0.0,592592,0.2794,2024
0.0,1.0,1.0,0.0,1.0,0.0,0.0,0.0,1.0,0.3143,1.0,fv_psy_fc_htpart_2024_M12.txt,PSY-other,0.0,105,105.0,105,105,9684,0.0,1036188,0.6857,2024
0.05,0.0,1.0,0.0,0.0,0.0,0.0,0.0,1.0,0.3798,0.0,fv_psy_ficum_2024_M12.txt,PSY-other,0.0,80,80.0,80,80,42,0.0,3444,0.5702,2024
0.0765,1.0,0.0,1.0,1.0,1.0,1.0,0.0,1.0,0.7568,1.0,fv_psy_raa_2024_M12.txt,PSY-other,0.0,96,96.0,96,96,10000,1.0,2542904,0.1667,2024
0.0195,1.0,0.0,1.0,1.0,1.0,1.0,0.0,1.0,0.7773,1.0,fv_psy_rps_2024_M12.txt,PSY-other,0.0,154,154.0,154,154,2674,1.0,417144,0.2032,2024
0.0099,0.9993,0.9625,1.0,0.0,0.0,0.6829,0.0,0.9993,0.447,0.9483,fv_psy_vh_2024_M12.txt,PSY-other,0.0,518,518.0,518,518,1334,0.0,693680,0.5431,2024
0.0161,1.0,1.0,1.0,0.0,0.0,0.0,0.0,1.0,0.3975,0.9993,fv_psy_vip_2024_M12.txt,PSY-other,0.0,124,124.0,124,124,1515,0.0,190890,0.5864,2024
0.6601,1.0,0.4682,1.0,1.0,1.0,0.0,1.0,0.6097,0.2382,0.0,940140015.2024.12.anohosp.txt,ANO-HOSP,0.0,1933,1747.4,1584,1584,2849,0.0,4984080,0.0745,2024
0.0,1.0,0.0,1.0,0.0,0.0,0.0,0.0,0.0,0.45,0.0,940140015.2024.12.hosp_pmsi.autogen.txt,INCONNU,0.0,40,40.0,40,40,2674,0.0,112308,0.55,2024
0.0773,1.0,0.0,1.0,1.0,1.0,1.0,0.0,1.0,0.7507,1.0,940140015.2024.12.rpa.txt,INCONNU,0.0,136,97.5,96,96,10000,1.0,2588032,0.172,2024
0.0211,1.0,0.0,1.0,1.0,1.0,1.0,0.0,1.0,0.7711,1.0,940140015.2024.12.rps.txt,RPS,0.0,194,156.5,154,154,2674,1.0,423703,0.2078,2024
0.0,1.0,1.0,0.0,1.0,0.0,0.0,0.0,1.0,0.7021,1.0,940140015.2024.12.tpartiel.txt,INCONNU,0.0,47,47.0,47,47,9684,0.0,474516,0.2979,2024
0.6869,0.0,0.1905,0.2381,0.0,0.0476,0.0,0.0,0.0476,0.1073,0.0,GUIDE_F2PDF2.txt,INCONNU,0.0,79,37.7,31,9,21,0.0476,842,0.1073,0
0.1485,0.0,1.0,1.0,1.0,1.0,0.0245,1.0,0.6286,0.8364,0.0,fv_psy_ano_2018_M12.txt,PSY-other,0.0,206,206.0,206,206,1753,0.0,364624,0.0151,2018
0.0,0.0,0.0,0.0,0.0,0.0,0.0,0.0,0.0,0.0,0.0,fv_psy_fc_ic_2018_M12.txt,PSY-other,0.0,105,105.0,105,105,1,0.0,107,1.0,2018
0.05,0.0,1.0,0.0,0.0,0.0,0.0,0.0,1.0,0.38,0.0,fv_psy_ficum_2023_M12___date___non_attendu.txt,PSY-other,0.0,80,80.0,80,80,40,0.0,3280,0.57,2023
0.0667,1.0,0.0,1.0,1.0,1.0,1.0,1.0,1.0,0.8767,1.0,fv_psy_raa_2018_M12.txt,PSY-other,0.0,90,90.0,90,90,10000,1.0,2251148,0.0566,2018
0.02,1.0,0.0,1.0,1.0,1.0,1.0,1.0,1.0,0.9028,1.0,fv_psy_rps_2018_M12.txt,PSY-other,0.0,154,154.0,154,154,2242,1.0,349752,0.0772,2018
0.0092,0.9971,0.996,1.0,1.0,0.0,0.1786,0.0,0.9971,0.3968,0.9612,fv_psy_vh_2018_M12.txt,PSY-other,0.0,518,518.0,518,518,1753,0.0,911560,0.5941,2018
0.1544,0.0,1.0,1.0,1.0,1.0,0.0522,1.0,0.6263,0.8311,0.0,fv_psy_ano_2019_M12.txt,PSY-other,0.0,206,206.0,206,206,1742,0.0,362336,0.0146,2019
0.0095,1.0,1.0,1.0,1.0,1.0,1.0,0.0,1.0,0.5524,1.0,fv_psy_fc_ic_2019_M12.txt,PSY-other,0.0,105,105.0,105,105,370,0.0,39590,0.4381,2019
0.05,0.0,1.0,0.0,0.0,0.0,0.0,0.0,1.0,0.38,0.0,fv_psy_ficum_2023_M12___date___non_attendu.txt,PSY-other,0.0,80,80.0,80,80,40,0.0,3280,0.57,2023
0.0667,1.0,0.0,1.0,1.0,1.0,1.0,1.0,1.0,0.8768,1.0,fv_psy_raa_2019_M12.txt,PSY-other,0.0,90,90.0,90,90,10000,1.0,1993548,0.0565,2019
0.0201,1.0,0.0,1.0,1.0,1.0,1.0,1.0,1.0,0.9042,1.0,fv_psy_rps_2019_M12.txt,PSY-other,0.0,154,154.0,154,154,2379,1.0,371124,0.0757,2019
0.0099,1.0,0.9977,1.0,1.0,0.0,0.1722,0.0,1.0,0.4195,0.9851,fv_psy_vh_2019_M12.txt,PSY-other,0.0,518,518.0,518,518,1742,0.0,905840,0.5706,2019
0.2032,0.0,0.5085,1.0,0.9993,0.9993,0.0,1.0,0.6225,0.5475,0.0,fv_psy_ano_2020_M12.txt,PSY-other,0.0,206,206.0,206,206,2824,0.0,587392,0.2488,2020
,,,,,,,,,,,fv_psy_fc_htpart_2020_M12.txt,PSY-other,,,,,,0,,0,,2020
0.019,1.0,1.0,1.0,1.0,1.0,1.0,1.0,1.0,0.981,1.0,fv_psy_fc_ic_2020_M12.TXT,PSY-other,0.0,105,105.0,105,105,90,0.0,9630,0.0,2020
0.05,0.0,1.0,0.0,0.0,0.0,0.0,0.0,1.0,0.38,0.0,fv_psy_ficum_2023_M12___date___non_attendu.txt,PSY-other,0.0,80,80.0,80,80,40,0.0,3280,0.57,2023
0.0667,1.0,0.0,1.0,1.0,1.0,1.0,1.0,1.0,0.8765,1.0,fv_psy_raa_2020_M12.txt,PSY-other,0.0,90,90.0,90,90,10000,1.0,1911116,0.0568,2020
0.0203,1.0,0.0,1.0,1.0,1.0,1.0,1.0,1.0,0.9006,1.0,fv_psy_rps_2020_M12.TXT,PSY-other,0.0,154,154.0,154,154,2023,1.0,315588,0.0791,2020
0.01,0.9958,0.993,1.0,1.0,0.0,0.1469,0.0,0.9958,0.4186,0.984,fv_psy_vh_2020_M12.txt,PSY-other,0.0,518,518.0,518,518,1436,0.0,746720,0.5715,2020
0.1222,0.1239,1.0,1.0,0.0,0.0,0.0,0.0,0.1239,0.2729,0.1239,fv_psy_vip_2020_M12.txt,PSY-other,0.0,124,124.0,124,124,1388,0.0,174888,0.6049,2020
0.1222,0.1239,1.0,1.0,0.0,0.0,0.0,0.0,0.1239,0.2729,0.1239,fv_psy_vip_2020_M12_FORMAT_OK.txt,PSY-other,0.0,124,124.0,124,124,1388,0.0,174888,0.6049,2020
0.0383,1.0,0.0,0.0,0.0,0.0,0.0,0.0,0.0,0.2083,0.0,fv_psy_fs_cov_tests_2021_M12.txt,PSY-other,0.0,120,120.0,120,120,5,0.0,610,0.7483,2021
0.0167,1.0,1.0,1.0,0.0,0.0,0.0,0.0,0.0,0.1917,0.0,fv_psy_fs_cov_vax_2021_M12.txt,PSY-other,0.0,120,120.0,120,120,4,0.0,488,0.7833,2021
0.2332,0.0,0.4118,1.0,1.0,1.0,0.0,1.0,0.617,0.4797,0.0,fv_psy_ano_2021_M12.txt,PSY-other,0.0,206,206.0,206,206,3888,0.0,808704,0.2844,2021
0.0,1.0,1.0,0.0,1.0,0.0,0.0,0.0,1.0,0.3048,1.0,fv_psy_fc_htpart_2021_M12.txt,PSY-other,0.0,105,105.0,105,105,8241,0.0,881787,0.6952,2021
0.019,1.0,1.0,0.0,1.0,1.0,1.0,1.0,1.0,0.8762,1.0,fv_psy_fc_ic_2021_M12.txt,PSY-other,0.0,105,105.0,105,105,239,0.0,25573,0.1048,2021
0.0778,1.0,0.0,1.0,1.0,1.0,1.0,1.0,1.0,0.7874,1.0,fv_psy_raa_2021_M12.txt,PSY-other,0.0,90,90.0,90,90,10000,1.0,1861252,0.1347,2021
0.0207,1.0,0.0,1.0,1.0,1.0,1.0,1.0,1.0,0.7844,1.0,fv_psy_rps_2021_M12.txt,PSY-other,0.0,154,154.0,154,154,2267,1.0,353652,0.195,2021
0.0097,0.9956,0.9906,1.0,0.0,0.0,0.0,0.0,0.9956,0.3935,0.9838,fv_psy_vh_2021_M12.txt,PSY-other,0.0,518,518.0,518,518,1601,0.0,832520,0.5968,2021
0.0161,0.5807,1.0,1.0,0.0,0.0,0.0,0.0,0.5807,0.3283,0.5807,fv_psy_vip_2021_M12.txt,PSY-other,0.0,124,124.0,124,124,2287,0.0,288162,0.6556,2021
0.0161,0.5807,1.0,1.0,0.0,0.0,0.0,0.0,0.5807,0.3283,0.5807,fv_psy_vip_2021_M12_FORMAT_ok.txt,PSY-other,0.0,124,124.0,124,124,2287,0.0,288162,0.6556,2021
0.0417,1.0,0.0,1.0,0.0,0.0,0.0,0.0,0.0,0.1917,0.0,fv_psy_fs_cov_tests_2022_M12.txt,PSY-other,0.0,120,120.0,120,120,3,0.0,366,0.7583,2022
0.218,0.0,0.411,1.0,1.0,1.0,0.0,1.0,0.6203,0.4947,0.0,fv_psy_ano_2022_M12.txt,PSY-other,0.0,206,206.0,206,206,3640,0.0,757120,0.2845,2022
0.0,1.0,1.0,0.0,1.0,0.0,0.0,0.0,1.0,0.3048,1.0,fv_psy_fc_htpart_2022_M12.txt,PSY-other,0.0,105,105.0,105,105,8797,0.0,941279,0.6952,2022
0.019,1.0,1.0,0.0,1.0,1.0,1.0,1.0,1.0,0.8762,1.0,fv_psy_fc_ic_2022_M12.TXT,PSY-other,0.0,105,105.0,105,105,161,0.0,17227,0.1048,2022
0.05,0.0,1.0,0.0,0.0,0.0,0.0,0.0,1.0,0.38,0.0,fv_psy_ficum_2023_M12___date.txt,PSY-other,0.0,80,80.0,80,80,40,0.0,3280,0.57,2023
0.073,1.0,0.0,1.0,1.0,1.0,1.0,0.0,1.0,0.759,1.0,fv_psy_raa_2022_M12.txt,PSY-other,0.0,96,96.0,96,96,10000,1.0,2008412,0.1679,2022
0.0195,1.0,0.0,1.0,1.0,1.0,1.0,0.0,1.0,0.7766,1.0,fv_psy_rps_2022_M12.txt,PSY-other,0.0,154,154.0,154,154,2068,1.0,322608,0.2039,2022
0.0098,0.9987,0.9913,1.0,0.0,0.0,0.498,0.0,0.9987,0.4313,0.9873,fv_psy_vh_2022_M12.txt,PSY-other,0.0,518,518.0,518,518,1496,0.0,777920,0.5589,2022
0.0161,0.6362,1.0,1.0,0.0,0.0,0.0,0.0,0.6362,0.335,0.6362,fv_psy_vip_2022_M12.txt,PSY-other,0.0,124,124.0,124,124,2144,0.0,270144,0.6488,2022
0.0161,0.6362,1.0,1.0,0.0,0.0,0.0,0.0,0.6362,0.335,0.6362,fv_psy_vip_2022_M12_FORMAT_ok.txt,PSY-other,0.0,124,124.0,124,124,2144,0.0,270144,0.6488,2022
0.1944,1.0,0.4989,1.0,1.0,1.0,0.0,1.0,0.6169,0.5251,0.0,fv_psy_ano_2023_M12.txt,PSY-other,0.0,206,206.0,206,206,3143,0.0,653744,0.2767,2023
0.0,1.0,1.0,0.0,1.0,0.0,0.0,0.0,1.0,0.3143,1.0,fv_psy_fc_htpart_2023_M12.txt,PSY-other,0.0,105,105.0,105,105,9226,0.0,987182,0.6857,2023
,,,,,,,,,,,fv_psy_fc_ic_2023_M12.txt,PSY-other,,,,,,0,,0,,2023
0.05,0.0,1.0,0.0,0.0,0.0,0.0,0.0,1.0,0.38,0.0,fv_psy_ficum_2023_M12.txt,PSY-other,0.0,80,80.0,80,80,40,0.0,3280,0.57,2023
0.0759,1.0,0.0,1.0,1.0,1.0,1.0,0.0,1.0,0.7576,1.0,fv_psy_raa_2023_M12.txt,PSY-other,0.0,96,96.0,96,96,10000,1.0,2593668,0.1664,2023
0.0196,1.0,0.0,1.0,1.0,1.0,1.0,0.0,1.0,0.7775,1.0,fv_psy_rps_2023_M12.txt,PSY-other,0.0,154,154.0,154,154,2773,1.0,432588,0.203,2023
0.01,0.9994,0.9726,1.0,0.0,0.0,0.9375,0.0,0.9994,0.4555,0.9688,fv_psy_vh_2023_M12.txt,PSY-other,0.0,518,518.0,518,518,1568,0.0,815360,0.5345,2023
0.0161,1.0,1.0,1.0,0.0,0.0,0.0,0.0,1.0,0.3879,1.0,fv_psy_vip_2023_M12.txt,PSY-other,0.0,124,124.0,124,124,1575,0.0,198450,0.5959,2023
0.2033,1.0,0.4682,1.0,1.0,1.0,0.0,1.0,0.6097,0.5134,0.0,fv_psy_ano_2024_M12.txt,PSY-other,0.0,206,206.0,206,206,2849,0.0,592592,0.2794,2024
0.0,1.0,1.0,0.0,1.0,0.0,0.0,0.0,1.0,0.3143,1.0,fv_psy_fc_htpart_2024_M12.txt,PSY-other,0.0,105,105.0,105,105,9684,0.0,1036188,0.6857,2024
0.05,0.0,1.0,0.0,0.0,0.0,0.0,0.0,1.0,0.3798,0.0,fv_psy_ficum_2024_M12.txt,PSY-other,0.0,80,80.0,80,80,42,0.0,3444,0.5702,2024
0.0765,1.0,0.0,1.0,1.0,1.0,1.0,0.0,1.0,0.7568,1.0,fv_psy_raa_2024_M12.txt,PSY-other,0.0,96,96.0,96,96,10000,1.0,2542904,0.1667,2024
0.0195,1.0,0.0,1.0,1.0,1.0,1.0,0.0,1.0,0.7773,1.0,fv_psy_rps_2024_M12.txt,PSY-other,0.0,154,154.0,154,154,2674,1.0,417144,0.2032,2024
0.0099,0.9993,0.9625,1.0,0.0,0.0,0.6829,0.0,0.9993,0.447,0.9483,fv_psy_vh_2024_M12.txt,PSY-other,0.0,518,518.0,518,518,1334,0.0,693680,0.5431,2024
0.0161,1.0,1.0,1.0,0.0,0.0,0.0,0.0,1.0,0.3975,0.9993,fv_psy_vip_2024_M12.txt,PSY-other,0.0,124,124.0,124,124,1515,0.0,190890,0.5864,2024
0.6601,1.0,0.4682,1.0,1.0,1.0,0.0,1.0,0.6097,0.2382,0.0,940140015.2024.12.anohosp.txt,ANO-HOSP,0.0,1933,1747.4,1584,1584,2849,0.0,4984080,0.0745,2024
0.0,1.0,0.0,1.0,0.0,0.0,0.0,0.0,0.0,0.45,0.0,940140015.2024.12.hosp_pmsi.autogen.txt,INCONNU,0.0,40,40.0,40,40,2674,0.0,112308,0.55,2024
0.0773,1.0,0.0,1.0,1.0,1.0,1.0,0.0,1.0,0.7507,1.0,940140015.2024.12.rpa.txt,INCONNU,0.0,136,97.5,96,96,10000,1.0,2588032,0.172,2024
0.0211,1.0,0.0,1.0,1.0,1.0,1.0,0.0,1.0,0.7711,1.0,940140015.2024.12.rps.txt,RPS,0.0,194,156.5,154,154,2674,1.0,423703,0.2078,2024
0.0,1.0,1.0,0.0,1.0,0.0,0.0,0.0,1.0,0.7021,1.0,940140015.2024.12.tpartiel.txt,INCONNU,0.0,47,47.0,47,47,9684,0.0,474516,0.2979,2024
0.6259,0.0,0.2778,0.2222,0.0,0.0,0.1111,0.0,0.0556,0.1551,0.0,GUIDE_F2PDF2.txt,INCONNU,0.0,85,30.4,23,7,18,0.0556,592,0.0967,0
0.5503,0.055,0.0367,0.0183,0.0367,0.0459,0.0275,0.0092,0.0275,0.0473,0.0,GUIDE_UTILISATION_F2PDF2.txt,INCONNU,0.0,83,54.7,61,2,109,0.0,6108,0.2771,0
0.4465,0.0,0.0,0.0,0.0,0.0,0.0,0.0,0.0,0.0063,0.0,~$IDE_UTILISATION_F2PDF2.txt,INCONNU,0.0,62,53.0,53,44,3,0.0,162,0.0629,0
0.4033,0.0,1.0,1.0,1.0,1.0,0.0245,1.0,0.6286,0.3968,0.0,fv_psy_ano_2018_M12.txt,PSY-other,0.0,825,825.0,825,825,1753,0.0,1449731,0.1847,2018
,,,,,,,,,,,fv_psy_fc_ic_2018_M12.txt,PSY-other,,,,,,0,,2,,2018
0.1053,0.0,1.0,0.0,0.0,0.0,0.0,0.0,1.0,0.8,0.0,fv_psy_ficum_2023_M12___date___non_attendu.txt,PSY-other,0.0,38,38.0,38,38,40,0.0,1600,0.0947,2023
0.0654,1.0,0.0,1.0,1.0,1.0,1.0,1.0,1.0,0.8777,1.0,fv_psy_raa_2018_M12.txt,PSY-other,0.0,124,92.3,92,92,10000,1.0,2309406,0.0569,2018
0.0203,1.0,0.0,1.0,1.0,1.0,1.0,1.0,1.0,0.9143,1.0,fv_psy_rps_2018_M12.txt,PSY-other,0.0,160,152.1,152,152,2242,1.0,345436,0.0654,2018
0.011,0.9971,0.996,1.0,1.0,0.0,0.1786,0.0,0.9971,0.4758,0.9612,fv_psy_vh_2018_M12.txt,PSY-other,0.0,432,432.0,432,432,1753,0.0,759049,0.5132,2018
0.3953,0.0,1.0,1.0,1.0,1.0,0.0522,1.0,0.6263,0.4006,0.0,fv_psy_ano_2019_M12.txt,PSY-other,0.0,846,846.0,846,846,1742,0.0,1477216,0.1893,2019
0.0159,1.0,1.0,1.0,1.0,1.0,1.0,0.0,1.0,0.9206,1.0,fv_psy_fc_ic_2019_M12.txt,PSY-other,0.0,63,63.0,63,63,370,0.0,24050,0.0635,2019
0.1053,0.0,1.0,0.0,0.0,0.0,0.0,0.0,1.0,0.8,0.0,fv_psy_ficum_2023_M12___date___non_attendu.txt,PSY-other,0.0,38,38.0,38,38,40,0.0,1600,0.0947,2023
0.0655,1.0,0.0,1.0,1.0,1.0,1.0,1.0,1.0,0.8769,1.0,fv_psy_raa_2019_M12.txt,PSY-other,0.0,132,92.5,92,92,10000,1.0,2055686,0.0575,2019
0.0205,1.0,0.0,1.0,1.0,1.0,1.0,1.0,1.0,0.9135,1.0,fv_psy_rps_2019_M12.txt,PSY-other,0.0,192,152.6,152,152,2379,1.0,367902,0.066,2019
0.0113,1.0,0.9977,1.0,1.0,0.0,0.1722,0.0,1.0,0.4807,0.9851,fv_psy_vh_2019_M12.txt,PSY-other,0.0,452,452.0,452,452,1742,0.0,789126,0.508,2019
0.6114,0.0,0.5085,1.0,0.9993,0.9993,0.0,1.0,0.6225,0.2507,0.0,fv_psy_ano_2020_M12.txt,PSY-other,0.0,1283,1112.4,1283,936,2824,0.0,3147204,0.1179,2020
,,,,,,,,,,,fv_psy_fc_htpart_2020_M12.txt,PSY-other,,,,,,0,,0,,2020
0.0179,1.0,1.0,1.0,1.0,1.0,1.0,1.0,1.0,0.9821,1.0,fv_psy_fc_ic_2020_M12.TXT,PSY-other,0.0,112,112.0,112,112,90,0.0,10260,0.0,2020
0.1053,0.0,1.0,0.0,0.0,0.0,0.0,0.0,1.0,0.8,0.0,fv_psy_ficum_2023_M12___date___non_attendu.txt,PSY-other,0.0,38,38.0,38,38,40,0.0,1600,0.0947,2023
0.0673,1.0,0.0,1.0,1.0,1.0,1.0,1.0,1.0,0.8619,1.0,fv_psy_raa_2020_M12.txt,PSY-other,0.0,124,95.3,92,92,10000,1.0,1998654,0.0708,2020
0.0208,1.0,0.0,1.0,1.0,1.0,1.0,1.0,1.0,0.9077,1.0,fv_psy_rps_2020_M12.TXT,PSY-other,0.0,200,153.2,152,152,2023,1.0,313958,0.0715,2020
0.0114,0.9958,0.993,1.0,1.0,0.0,0.1469,0.0,0.9958,0.4797,0.984,fv_psy_vh_2020_M12.txt,PSY-other,0.0,452,452.0,452,452,1436,0.0,650508,0.5089,2020
0.1222,0.1239,1.0,1.0,0.0,0.0,0.0,0.0,0.1239,0.2729,0.1239,fv_psy_vip_2020_M12.txt,PSY-other,0.0,124,124.0,124,124,1388,0.0,174888,0.6049,2020
0.1262,0.1239,1.0,1.0,0.0,0.0,0.0,0.0,0.1239,0.282,0.1239,fv_psy_vip_2020_M12_FORMAT_OK.txt,PSY-other,0.0,120,120.0,120,120,1388,0.0,169336,0.5917,2020
0.1122,1.0,0.0,0.0,0.0,0.0,0.0,0.0,0.0,0.6098,0.0,fv_psy_fs_cov_tests_2021_M12.txt,PSY-other,0.0,41,41.0,41,41,5,0.0,215,0.2634,2021
0.0769,1.0,1.0,1.0,0.0,0.0,0.0,0.0,0.0,0.8846,0.0,fv_psy_fs_cov_vax_2021_M12.txt,PSY-other,0.0,26,26.0,26,26,4,0.0,112,0.0,2021
0.6224,0.0,0.4118,1.0,1.0,1.0,0.0,1.0,0.617,0.2341,0.0,fv_psy_ano_2021_M12.txt,PSY-other,0.0,1283,1078.9,936,936,3888,0.0,4202491,0.1143,2021
0.0,1.0,1.0,0.0,1.0,0.0,0.0,0.0,1.0,0.7442,1.0,fv_psy_fc_htpart_2021_M12.txt,PSY-other,0.0,43,43.0,43,43,8241,0.0,370843,0.2558,2021
0.0179,1.0,1.0,0.0,1.0,1.0,1.0,1.0,1.0,0.8839,1.0,fv_psy_fc_ic_2021_M12.txt,PSY-other,0.0,112,112.0,112,112,239,0.0,27246,0.0982,2021
0.0759,1.0,0.0,1.0,1.0,1.0,1.0,1.0,1.0,0.7791,1.0,fv_psy_raa_2021_M12.txt,PSY-other,0.0,149,94.0,93,93,10000,1.0,1948905,0.1451,2021
0.0214,1.0,0.0,1.0,1.0,1.0,1.0,1.0,1.0,0.7883,1.0,fv_psy_rps_2021_M12.txt,PSY-other,0.0,200,154.1,152,152,2267,1.0,353822,0.1903,2021
0.0111,0.9956,0.9906,1.0,0.0,0.0,0.0,0.0,0.9956,0.4509,0.9838,fv_psy_vh_2021_M12.txt,PSY-other,0.0,452,452.0,452,452,1601,0.0,726854,0.538,2021
0.0167,0.5807,1.0,1.0,0.0,0.0,0.0,0.0,0.5807,0.3393,0.5807,fv_psy_vip_2021_M12.txt,PSY-other,0.0,120,120.0,120,120,2287,0.0,279012,0.6441,2021
0.0167,0.5807,1.0,1.0,0.0,0.0,0.0,0.0,0.5807,0.3393,0.5807,fv_psy_vip_2021_M12_FORMAT_ok.txt,PSY-other,0.0,120,120.0,120,120,2287,0.0,279014,0.6441,2021
0.1613,1.0,0.0,1.0,0.0,0.0,0.0,0.0,0.0,0.7419,0.0,fv_psy_fs_cov_tests_2022_M12.txt,PSY-other,0.0,31,31.0,31,31,3,0.0,97,0.0645,2022
0.6648,0.0,0.411,1.0,1.0,1.0,0.0,1.0,0.6203,0.2333,0.0,fv_psy_ano_2022_M12.txt,PSY-other,0.0,1933,1651.5,1455,1455,3640,0.0,6018568,0.0747,2022
0.0,1.0,1.0,0.0,1.0,0.0,0.0,0.0,1.0,0.6809,1.0,fv_psy_fc_htpart_2022_M12.txt,PSY-other,0.0,47,47.0,47,47,8797,0.0,431051,0.3191,2022
0.0179,1.0,1.0,0.0,1.0,1.0,1.0,1.0,1.0,0.8839,1.0,fv_psy_fc_ic_2022_M12.TXT,PSY-other,0.0,112,112.0,112,112,161,0.0,18352,0.0982,2022
0.1053,0.0,1.0,0.0,0.0,0.0,0.0,0.0,1.0,0.8,0.0,fv_psy_ficum_2023_M12___date.txt,PSY-other,0.0,38,38.0,38,38,40,0.0,1600,0.0947,2023
0.0737,1.0,0.0,1.0,1.0,1.0,1.0,0.0,1.0,0.7543,1.0,fv_psy_raa_2022_M12.txt,PSY-other,0.0,144,97.2,96,96,10000,1.0,2044058,0.172,2022
0.0216,1.0,0.0,1.0,1.0,1.0,1.0,0.0,1.0,0.7687,1.0,fv_psy_rps_2022_M12.txt,PSY-other,0.0,202,157.1,154,154,2068,1.0,329120,0.2098,2022
0.0109,0.9987,0.9913,1.0,0.0,0.0,0.498,0.0,0.9987,0.4773,0.9873,fv_psy_vh_2022_M12.txt,PSY-other,0.0,468,468.0,468,468,1496,0.0,703118,0.5118,2022
0.0148,0.6362,1.0,1.0,0.0,0.0,0.0,0.0,0.6362,0.3077,0.6362,fv_psy_vip_2022_M12.txt,PSY-other,0.0,135,135.0,135,135,2144,0.0,293726,0.6775,2022
0.0167,0.6362,1.0,1.0,0.0,0.0,0.0,0.0,0.6362,0.3462,0.6362,fv_psy_vip_2022_M12_FORMAT_ok.txt,PSY-other,0.0,120,120.0,120,120,2144,0.0,261568,0.6371,2022
0.6498,1.0,0.4989,1.0,1.0,1.0,0.0,1.0,0.6169,0.2448,0.0,fv_psy_ano_2023_M12.txt,PSY-other,0.0,1933,1758.1,1584,1584,3143,0.0,5532030,0.0763,2023
0.0,1.0,1.0,0.0,1.0,0.0,0.0,0.0,1.0,0.7021,1.0,fv_psy_fc_htpart_2023_M12.txt,PSY-other,0.0,47,47.0,47,47,9226,0.0,452074,0.2979,2023
,,,,,,,,,,,fv_psy_fc_ic_2023_M12.txt,PSY-other,,,,,,0,,0,,2023
0.1053,0.0,1.0,0.0,0.0,0.0,0.0,0.0,1.0,0.8,0.0,fv_psy_ficum_2023_M12.txt,PSY-other,0.0,38,38.0,38,38,40,0.0,1600,0.0947,2023
0.0772,1.0,0.0,1.0,1.0,1.0,1.0,0.0,1.0,0.7475,1.0,fv_psy_raa_2023_M12.txt,PSY-other,0.0,152,98.6,96,96,10000,1.0,2656396,0.1752,2023
0.0214,1.0,0.0,1.0,1.0,1.0,1.0,0.0,1.0,0.7709,1.0,fv_psy_rps_2023_M12.txt,PSY-other,0.0,194,156.6,154,154,2773,1.0,439916,0.2077,2023
0.0111,0.9994,0.9726,1.0,0.0,0.0,0.9375,0.0,0.9994,0.5041,0.9688,fv_psy_vh_2023_M12.txt,PSY-other,0.0,468,468.0,468,468,1568,0.0,736960,0.4848,2023
0.0148,1.0,1.0,1.0,0.0,0.0,0.0,0.0,1.0,0.3788,1.0,fv_psy_vip_2023_M12.txt,PSY-other,0.0,135,135.0,135,135,1575,0.0,215775,0.6064,2023
0.6601,1.0,0.4682,1.0,1.0,1.0,0.0,1.0,0.6097,0.2382,0.0,fv_psy_ano_2024_M12.txt,PSY-other,0.0,1933,1747.4,1584,1584,2849,0.0,4984080,0.0745,2024
0.0,1.0,1.0,0.0,1.0,0.0,0.0,0.0,1.0,0.7021,1.0,fv_psy_fc_htpart_2024_M12.txt,PSY-other,0.0,47,47.0,47,47,9684,0.0,474516,0.2979,2024
0.1053,0.0,1.0,0.0,0.0,0.0,0.0,0.0,1.0,0.7995,0.0,fv_psy_ficum_2024_M12.txt,PSY-other,0.0,38,38.0,38,38,42,0.0,1680,0.0952,2024
0.0773,1.0,0.0,1.0,1.0,1.0,1.0,0.0,1.0,0.7507,1.0,fv_psy_raa_2024_M12.txt,PSY-other,0.0,136,97.5,96,96,10000,1.0,2588032,0.172,2024
0.0211,1.0,0.0,1.0,1.0,1.0,1.0,0.0,1.0,0.7711,1.0,fv_psy_rps_2024_M12.txt,PSY-other,0.0,194,156.5,154,154,2674,1.0,423703,0.2078,2024
0.011,0.9993,0.9625,1.0,0.0,0.0,0.6829,0.0,0.9993,0.4947,0.9483,fv_psy_vh_2024_M12.txt,PSY-other,0.0,468,468.0,468,468,1334,0.0,626980,0.4943,2024
0.0148,1.0,1.0,1.0,0.0,0.0,0.0,0.0,1.0,0.4118,0.9993,fv_psy_vip_2024_M12.txt,PSY-other,0.0,135,135.0,135,135,1515,0.0,207555,0.5734,2024
0.6601,1.0,0.4682,1.0,1.0,1.0,0.0,1.0,0.6097,0.2382,0.0,940140015.2024.12.anohosp.txt,ANO-HOSP,0.0,1933,1747.4,1584,1584,2849,0.0,4984080,0.0745,2024
0.0,1.0,0.0,1.0,0.0,0.0,0.0,0.0,0.0,0.45,0.0,940140015.2024.12.hosp_pmsi.autogen.txt,INCONNU,0.0,40,40.0,40,40,2674,0.0,112308,0.55,2024
0.0773,1.0,0.0,1.0,1.0,1.0,1.0,0.0,1.0,0.7507,1.0,940140015.2024.12.rpa.txt,INCONNU,0.0,136,97.5,96,96,10000,1.0,2588032,0.172,2024
0.0211,1.0,0.0,1.0,1.0,1.0,1.0,0.0,1.0,0.7711,1.0,940140015.2024.12.rps.txt,RPS,0.0,194,156.5,154,154,2674,1.0,423703,0.2078,2024
0.0,1.0,1.0,0.0,1.0,0.0,0.0,0.0,1.0,0.7021,1.0,940140015.2024.12.tpartiel.txt,INCONNU,0.0,47,47.0,47,47,9684,0.0,474516,0.2979,2024
0.0317,1.0,1.0,0.0,1.0,0.0,0.0,0.0,1.0,0.6349,1.0,FICHCOMP Transport M11.txt,FICHCOMP-Transport,0.0,63,63.0,63,63,619,0.0,40235,0.3333,0
0.0103,0.989,0.9628,1.0,0.0,0.0,0.7944,0.0,0.989,0.6051,0.9503,VIDHOSP_PSY - Corriger.txt,VID-HOSP,0.0,618,514.8,518,468,4732,0.0,2440557,0.3846,0
0.6396,1.0,0.4732,1.0,1.0,1.0,0.0,1.0,0.6234,0.2497,0.0,anohosp.txt,ANO-HOSP,0.0,2196,1813.0,1584,1584,10000,0.0,31280604,0.0821,0
0.0148,1.0,1.0,1.0,0.0,0.0,0.0,0.0,1.0,0.4467,0.9995,ipp_202512311035.txt,INCONNU,0.0,135,135.0,135,135,10000,0.0,1855939,0.5384,2025
0.0177,1.0,1.0,0.0,1.0,1.0,1.0,0.9962,1.0,0.8839,1.0,iso_202512311035.txt,INCONNU,0.0,113,113.0,113,113,3393,0.0,390195,0.0984,2025
0.5652,0.0,0.0092,0.0459,0.0,0.0046,0.0092,0.0,0.0183,0.0356,0.0,magic.log.txt,INCONNU,0.0,89,41.0,44,7,218,0.0,9667,0.2217,0
0.272,0.0,0.9935,0.9934,0.0,0.0,0.0,0.0,0.0064,0.394,0.0,magic.logdetail.txt,INCONNU,0.0,35,33.0,33,17,10000,0.0,952356,0.2432,0
0.0735,1.0,0.0,1.0,1.0,1.0,1.0,0.0,1.0,0.7594,1.0,raa_init.txt,INCONNU,0.0,112,96.4,96,96,10000,1.0,24974438,0.1671,0
0.0785,1.0,0.0,1.0,1.0,1.0,1.0,0.0,1.0,0.7528,1.0,raa_vvd.txt,INCONNU,0.0,136,97.4,96,96,10000,1.0,23402326,0.1687,0
0.0785,1.0,0.0,1.0,1.0,1.0,1.0,0.0,1.0,0.7528,1.0,raa_vvd_CORR_main.txt,INCONNU,0.0,136,97.4,96,96,10000,1.0,23396294,0.1687,0
0.0242,1.0,0.0,1.0,1.0,1.0,1.0,0.0,1.0,0.7454,1.0,rps_init.txt,INCONNU,0.0,306,159.3,154,154,10000,1.0,2314006,0.2302,0
0.0241,1.0,0.0,1.0,1.0,1.0,1.0,0.0,1.0,0.746,1.0,rps_vvd.txt,INCONNU,0.0,306,159.3,154,154,10000,1.0,2314006,0.2296,0
0.0,1.0,1.0,0.0,1.0,0.0,0.0,0.0,1.0,0.7021,1.0,tp_202512180251 - Corriger.txt,INCONNU,0.0,47,47.0,47,47,10000,0.0,1996211,0.2979,2025
0.1053,0.0,1.0,0.0,0.0,0.0,0.0,0.0,1.0,0.8207,0.0,um_202512311035.txt,INCONNU,0.0,38,38.0,38,38,199,0.0,7960,0.0741,2025
0.5229,0.0,0.0043,0.0,0.013,0.013,0.0173,0.013,0.0022,0.0316,0.0,Chaiher_des_charges.jsx.txt,INCONNU,0.0,228,51.4,30,2,462,0.0,24751,0.3021,0
0.5629,0.0,0.0182,0.0182,0.0,0.0,0.0,0.0,0.1818,0.0892,0.0,requirements.txt,INCONNU,0.0,120,28.3,18,10,55,0.0,1624,0.0706,0
0.4139,0.0,0.1429,0.1429,0.0,0.0,0.0,0.0,0.0,0.0728,0.0,DIAG_fv_psy_raa_2018_M12.txt.txt,PSY-other,0.0,56,43.1,40,24,7,0.0,310,0.0828,2018
0.0654,1.0,0.0,1.0,1.0,1.0,1.0,1.0,1.0,0.8777,1.0,FIXED_fv_psy_raa_2018_M12.txt,PSY-other,0.0,124,92.3,92,92,10000,1.0,2296904,0.0569,2018
0.0654,1.0,0.0,1.0,1.0,1.0,1.0,1.0,1.0,0.8777,1.0,SENTINEL_FIX_fv_psy_raa_2018_M12.txt,PSY-other,0.0,124,92.3,92,92,10000,1.0,2296904,0.0569,2018
0.4033,0.0,1.0,1.0,1.0,1.0,0.0245,1.0,0.6286,0.3968,0.0,fv_psy_ano_2018_M12.txt,PSY-other,0.0,825,825.0,825,825,1753,0.0,1449731,0.1847,2018
,,,,,,,,,,,fv_psy_fc_ic_2018_M12.txt,PSY-other,,,,,,0,,2,,2018
0.1053,0.0,1.0,0.0,0.0,0.0,0.0,0.0,1.0,0.8,0.0,fv_psy_ficum_2023_M12___date___non_attendu.txt,PSY-other,0.0,38,38.0,38,38,40,0.0,1600,0.0947,2023
0.0654,1.0,0.0,1.0,1.0,1.0,1.0,1.0,1.0,0.8777,1.0,fv_psy_raa_2018_M12.txt,PSY-other,0.0,124,92.3,92,92,10000,1.0,2309406,0.0569,2018
0.0203,1.0,0.0,1.0,1.0,1.0,1.0,1.0,1.0,0.9143,1.0,fv_psy_rps_2018_M12.txt,PSY-other,0.0,160,152.1,152,152,2242,1.0,345436,0.0654,2018
0.011,0.9971,0.996,1.0,1.0,0.0,0.1786,0.0,0.9971,0.4758,0.9612,fv_psy_vh_2018_M12.txt,PSY-other,0.0,432,432.0,432,432,1753,0.0,759049,0.5132,2018
0.3953,0.0,1.0,1.0,1.0,1.0,0.0522,1.0,0.6263,0.4006,0.0,fv_psy_ano_2019_M12.txt,PSY-other,0.0,846,846.0,846,846,1742,0.0,1477216,0.1893,2019
0.0159,1.0,1.0,1.0,1.0,1.0,1.0,0.0,1.0,0.9206,1.0,fv_psy_fc_ic_2019_M12.txt,PSY-other,0.0,63,63.0,63,63,370,0.0,24050,0.0635,2019
0.1053,0.0,1.0,0.0,0.0,0.0,0.0,0.0,1.0,0.8,0.0,fv_psy_ficum_2023_M12___date___non_attendu.txt,PSY-other,0.0,38,38.0,38,38,40,0.0,1600,0.0947,2023
0.0655,1.0,0.0,1.0,1.0,1.0,1.0,1.0,1.0,0.8769,1.0,fv_psy_raa_2019_M12.txt,PSY-other,0.0,132,92.5,92,92,10000,1.0,2055686,0.0575,2019
0.0205,1.0,0.0,1.0,1.0,1.0,1.0,1.0,1.0,0.9135,1.0,fv_psy_rps_2019_M12.txt,PSY-other,0.0,192,152.6,152,152,2379,1.0,367902,0.066,2019
0.0113,1.0,0.9977,1.0,1.0,0.0,0.1722,0.0,1.0,0.4807,0.9851,fv_psy_vh_2019_M12.txt,PSY-other,0.0,452,452.0,452,452,1742,0.0,789126,0.508,2019
0.6114,0.0,0.5085,1.0,0.9993,0.9993,0.0,1.0,0.6225,0.2507,0.0,fv_psy_ano_2020_M12.txt,PSY-other,0.0,1283,1112.4,1283,936,2824,0.0,3147204,0.1179,2020
,,,,,,,,,,,fv_psy_fc_htpart_2020_M12.txt,PSY-other,,,,,,0,,0,,2020
0.0179,1.0,1.0,1.0,1.0,1.0,1.0,1.0,1.0,0.9821,1.0,fv_psy_fc_ic_2020_M12.TXT,PSY-other,0.0,112,112.0,112,112,90,0.0,10260,0.0,2020
0.1053,0.0,1.0,0.0,0.0,0.0,0.0,0.0,1.0,0.8,0.0,fv_psy_ficum_2023_M12___date___non_attendu.txt,PSY-other,0.0,38,38.0,38,38,40,0.0,1600,0.0947,2023
0.0673,1.0,0.0,1.0,1.0,1.0,1.0,1.0,1.0,0.8619,1.0,fv_psy_raa_2020_M12.txt,PSY-other,0.0,124,95.3,92,92,10000,1.0,1998654,0.0708,2020
0.0208,1.0,0.0,1.0,1.0,1.0,1.0,1.0,1.0,0.9077,1.0,fv_psy_rps_2020_M12.TXT,PSY-other,0.0,200,153.2,152,152,2023,1.0,313958,0.0715,2020
0.0114,0.9958,0.993,1.0,1.0,0.0,0.1469,0.0,0.9958,0.4797,0.984,fv_psy_vh_2020_M12.txt,PSY-other,0.0,452,452.0,452,452,1436,0.0,650508,0.5089,2020
0.1222,0.1239,1.0,1.0,0.0,0.0,0.0,0.0,0.1239,0.2729,0.1239,fv_psy_vip_2020_M12.txt,PSY-other,0.0,124,124.0,124,124,1388,0.0,174888,0.6049,2020
0.1262,0.1239,1.0,1.0,0.0,0.0,0.0,0.0,0.1239,0.282,0.1239,fv_psy_vip_2020_M12_FORMAT_OK.txt,PSY-other,0.0,120,120.0,120,120,1388,0.0,169336,0.5917,2020
0.1122,1.0,0.0,0.0,0.0,0.0,0.0,0.0,0.0,0.6098,0.0,fv_psy_fs_cov_tests_2021_M12.txt,PSY-other,0.0,41,41.0,41,41,5,0.0,215,0.2634,2021
0.0769,1.0,1.0,1.0,0.0,0.0,0.0,0.0,0.0,0.8846,0.0,fv_psy_fs_cov_vax_2021_M12.txt,PSY-other,0.0,26,26.0,26,26,4,0.0,112,0.0,2021
0.6224,0.0,0.4118,1.0,1.0,1.0,0.0,1.0,0.617,0.2341,0.0,fv_psy_ano_2021_M12.txt,PSY-other,0.0,1283,1078.9,936,936,3888,0.0,4202491,0.1143,2021
0.0,1.0,1.0,0.0,1.0,0.0,0.0,0.0,1.0,0.7442,1.0,fv_psy_fc_htpart_2021_M12.txt,PSY-other,0.0,43,43.0,43,43,8241,0.0,370843,0.2558,2021
0.0179,1.0,1.0,0.0,1.0,1.0,1.0,1.0,1.0,0.8839,1.0,fv_psy_fc_ic_2021_M12.txt,PSY-other,0.0,112,112.0,112,112,239,0.0,27246,0.0982,2021
0.0759,1.0,0.0,1.0,1.0,1.0,1.0,1.0,1.0,0.7791,1.0,fv_psy_raa_2021_M12.txt,PSY-other,0.0,149,94.0,93,93,10000,1.0,1948905,0.1451,2021
0.0214,1.0,0.0,1.0,1.0,1.0,1.0,1.0,1.0,0.7883,1.0,fv_psy_rps_2021_M12.txt,PSY-other,0.0,200,154.1,152,152,2267,1.0,353822,0.1903,2021
0.0111,0.9956,0.9906,1.0,0.0,0.0,0.0,0.0,0.9956,0.4509,0.9838,fv_psy_vh_2021_M12.txt,PSY-other,0.0,452,452.0,452,452,1601,0.0,726854,0.538,2021
0.0167,0.5807,1.0,1.0,0.0,0.0,0.0,0.0,0.5807,0.3393,0.5807,fv_psy_vip_2021_M12.txt,PSY-other,0.0,120,120.0,120,120,2287,0.0,279012,0.6441,2021
0.0167,0.5807,1.0,1.0,0.0,0.0,0.0,0.0,0.5807,0.3393,0.5807,fv_psy_vip_2021_M12_FORMAT_ok.txt,PSY-other,0.0,120,120.0,120,120,2287,0.0,279014,0.6441,2021
0.1613,1.0,0.0,1.0,0.0,0.0,0.0,0.0,0.0,0.7419,0.0,fv_psy_fs_cov_tests_2022_M12.txt,PSY-other,0.0,31,31.0,31,31,3,0.0,97,0.0645,2022
0.6648,0.0,0.411,1.0,1.0,1.0,0.0,1.0,0.6203,0.2333,0.0,fv_psy_ano_2022_M12.txt,PSY-other,0.0,1933,1651.5,1455,1455,3640,0.0,6018568,0.0747,2022
0.0,1.0,1.0,0.0,1.0,0.0,0.0,0.0,1.0,0.6809,1.0,fv_psy_fc_htpart_2022_M12.txt,PSY-other,0.0,47,47.0,47,47,8797,0.0,431051,0.3191,2022
0.0179,1.0,1.0,0.0,1.0,1.0,1.0,1.0,1.0,0.8839,1.0,fv_psy_fc_ic_2022_M12.TXT,PSY-other,0.0,112,112.0,112,112,161,0.0,18352,0.0982,2022
0.1053,0.0,1.0,0.0,0.0,0.0,0.0,0.0,1.0,0.8,0.0,fv_psy_ficum_2023_M12___date.txt,PSY-other,0.0,38,38.0,38,38,40,0.0,1600,0.0947,2023
0.0737,1.0,0.0,1.0,1.0,1.0,1.0,0.0,1.0,0.7543,1.0,fv_psy_raa_2022_M12.txt,PSY-other,0.0,144,97.2,96,96,10000,1.0,2044058,0.172,2022
0.0216,1.0,0.0,1.0,1.0,1.0,1.0,0.0,1.0,0.7687,1.0,fv_psy_rps_2022_M12.txt,PSY-other,0.0,202,157.1,154,154,2068,1.0,329120,0.2098,2022
0.0109,0.9987,0.9913,1.0,0.0,0.0,0.498,0.0,0.9987,0.4773,0.9873,fv_psy_vh_2022_M12.txt,PSY-other,0.0,468,468.0,468,468,1496,0.0,703118,0.5118,2022
0.0148,0.6362,1.0,1.0,0.0,0.0,0.0,0.0,0.6362,0.3077,0.6362,fv_psy_vip_2022_M12.txt,PSY-other,0.0,135,135.0,135,135,2144,0.0,293726,0.6775,2022
0.0167,0.6362,1.0,1.0,0.0,0.0,0.0,0.0,0.6362,0.3462,0.6362,fv_psy_vip_2022_M12_FORMAT_ok.txt,PSY-other,0.0,120,120.0,120,120,2144,0.0,261568,0.6371,2022
0.1485,0.0,1.0,1.0,1.0,1.0,0.0245,1.0,0.6286,0.8364,0.0,fv_psy_ano_2018_M12.txt,PSY-other,0.0,206,206.0,206,206,1753,0.0,364624,0.0151,2018
,,,,,,,,,,,fv_psy_fc_ic_2018_M12.txt,PSY-other,,,,,,0,,0,,2018
,,,,,,,,,,,fv_psy_ficum_2023_M12___date___non_attendu.txt,PSY-other,,,,,,0,,0,,2023
0.0667,1.0,0.0,1.0,1.0,1.0,1.0,1.0,1.0,0.837,1.0,fv_psy_raa_2018_M12.txt,PSY-other,0.0,90,90.0,90,90,10000,1.0,2251148,0.0964,2018
0.02,1.0,0.0,1.0,1.0,1.0,1.0,1.0,1.0,0.8117,1.0,fv_psy_rps_2018_M12.txt,PSY-other,0.0,154,154.0,154,154,2242,1.0,349752,0.1683,2018
0.0092,0.9971,0.996,1.0,1.0,0.0,0.1786,0.0,0.9971,0.3968,0.9612,fv_psy_vh_2018_M12.txt,PSY-other,0.0,518,518.0,518,518,1753,0.0,911560,0.5941,2018
0.1544,0.0,1.0,1.0,1.0,1.0,0.0522,1.0,0.6263,0.8311,0.0,fv_psy_ano_2019_M12.txt,PSY-other,0.0,206,206.0,206,206,1742,0.0,362336,0.0146,2019
0.0095,1.0,0.0,0.0,1.0,1.0,1.0,0.0,1.0,0.4189,1.0,fv_psy_fc_ic_2019_M12.txt,PSY-other,0.0,105,105.0,105,105,370,0.0,39590,0.5716,2019
,,,,,,,,,,,fv_psy_ficum_2023_M12___date___non_attendu.txt,PSY-other,,,,,,0,,0,,2023
0.0667,1.0,0.0,1.0,1.0,1.0,1.0,1.0,1.0,0.7484,1.0,fv_psy_raa_2019_M12.txt,PSY-other,0.0,90,90.0,90,90,10000,1.0,1993548,0.185,2019
0.0201,1.0,0.0,1.0,1.0,1.0,1.0,1.0,1.0,0.8143,1.0,fv_psy_rps_2019_M12.txt,PSY-other,0.0,154,154.0,154,154,2379,1.0,371124,0.1657,2019
0.0099,1.0,0.9977,1.0,1.0,0.0,0.1722,0.0,1.0,0.4195,0.9851,fv_psy_vh_2019_M12.txt,PSY-other,0.0,518,518.0,518,518,1742,0.0,905840,0.5706,2019
0.2032,0.0,0.5085,1.0,0.9993,0.9993,0.0,1.0,0.6225,0.5475,0.0,fv_psy_ano_2020_M12.txt,PSY-other,0.0,206,206.0,206,206,2824,0.0,587392,0.2488,2020
,,,,,,,,,,,fv_psy_fc_htpart_2020_M12.txt,PSY-other,,,,,,0,,0,,2020
0.019,1.0,0.0,0.0,1.0,1.0,1.0,1.0,1.0,0.8476,1.0,fv_psy_fc_ic_2020_M12.TXT,PSY-other,0.0,105,105.0,105,105,90,0.0,9630,0.1333,2020
,,,,,,,,,,,fv_psy_ficum_2023_M12___date___non_attendu.txt,PSY-other,,,,,,0,,0,,2023
0.0667,1.0,0.0,1.0,1.0,1.0,1.0,1.0,1.0,0.7479,1.0,fv_psy_raa_2020_M12.txt,PSY-other,0.0,90,90.0,90,90,10000,1.0,1911116,0.1854,2020
0.0203,1.0,0.0,1.0,1.0,1.0,1.0,1.0,1.0,0.8121,1.0,fv_psy_rps_2020_M12.TXT,PSY-other,0.0,154,154.0,154,154,2023,1.0,315588,0.1676,2020
0.01,0.9958,0.993,1.0,1.0,0.0,0.1469,0.0,0.9958,0.4186,0.984,fv_psy_vh_2020_M12.txt,PSY-other,0.0,518,518.0,518,518,1436,0.0,746720,0.5715,2020
0.1222,0.1239,1.0,1.0,0.0,0.0,0.0,0.0,0.1239,0.2617,0.1239,fv_psy_vip_2020_M12.txt,PSY-other,0.0,124,124.0,124,124,1388,0.0,174888,0.6161,2020
0.1222,0.1239,1.0,1.0,0.0,0.0,0.0,0.0,0.1239,0.2617,0.1239,fv_psy_vip_2020_M12_FORMAT_OK.txt,PSY-other,0.0,124,124.0,124,124,1388,0.0,174888,0.6161,2020
,,,,,,,,,,,fv_psy_fs_cov_tests_2021_M12.txt,PSY-other,,,,,,0,,0,,2021
,,,,,,,,,,,fv_psy_fs_cov_vax_2021_M12.txt,PSY-other,,,,,,0,,0,,2021
0.2332,0.0,0.4118,1.0,1.0,1.0,0.0,1.0,0.617,0.4797,0.0,fv_psy_ano_2021_M12.txt,PSY-other,0.0,206,206.0,206,206,3888,0.0,808704,0.2844,2021
,,,,,,,,,,,fv_psy_fc_htpart_2021_M12.txt,PSY-other,,,,,,0,,0,,2021
0.019,1.0,0.0,0.0,1.0,1.0,1.0,1.0,1.0,0.8476,1.0,fv_psy_fc_ic_2021_M12.txt,PSY-other,0.0,105,105.0,105,105,239,0.0,25573,0.1333,2021
0.0778,1.0,0.0,1.0,1.0,1.0,1.0,1.0,1.0,0.7544,1.0,fv_psy_raa_2021_M12.txt,PSY-other,0.0,90,90.0,90,90,10000,1.0,1861252,0.1678,2021
0.0207,1.0,0.0,1.0,1.0,1.0,1.0,1.0,1.0,0.7513,1.0,fv_psy_rps_2021_M12.txt,PSY-other,0.0,154,154.0,154,154,2267,1.0,353652,0.2281,2021
0.0097,0.9956,0.9906,1.0,0.0,0.0,0.0,0.0,0.9956,0.3935,0.9838,fv_psy_vh_2021_M12.txt,PSY-other,0.0,518,518.0,518,518,1601,0.0,832520,0.5968,2021
0.0161,0.5807,1.0,1.0,0.0,0.0,0.0,0.0,0.5807,0.2925,0.5807,fv_psy_vip_2021_M12.txt,PSY-other,0.0,124,124.0,124,124,2287,0.0,288162,0.6914,2021
0.0161,0.5807,1.0,1.0,0.0,0.0,0.0,0.0,0.5807,0.2925,0.5807,fv_psy_vip_2021_M12_FORMAT_ok.txt,PSY-other,0.0,124,124.0,124,124,2287,0.0,288162,0.6914,2021
,,,,,,,,,,,fv_psy_fs_cov_tests_2022_M12.txt,PSY-other,,,,,,0,,0,,2022
0.218,0.0,0.411,1.0,1.0,1.0,0.0,1.0,0.6203,0.4947,0.0,fv_psy_ano_2022_M12.txt,PSY-other,0.0,206,206.0,206,206,3640,0.0,757120,0.2845,2022
,,,,,,,,,,,fv_psy_fc_htpart_2022_M12.txt,PSY-other,,,,,,0,,0,,2022
0.019,1.0,0.9876,0.0,1.0,1.0,1.0,1.0,1.0,0.8758,1.0,fv_psy_fc_ic_2022_M12.TXT,PSY-other,0.0,105,105.0,105,105,161,0.0,17227,0.1051,2022
,,,,,,,,,,,fv_psy_ficum_2023_M12___date.txt,PSY-other,,,,,,0,,0,,2023
0.073,1.0,0.0,1.0,1.0,1.0,1.0,0.0,1.0,0.7355,1.0,fv_psy_raa_2022_M12.txt,PSY-other,0.0,96,96.0,96,96,10000,1.0,2008412,0.1915,2022
0.0195,1.0,0.0,1.0,1.0,1.0,1.0,0.0,1.0,0.748,1.0,fv_psy_rps_2022_M12.txt,PSY-other,0.0,154,154.0,154,154,2068,1.0,322608,0.2326,2022
0.0098,0.9987,0.9913,1.0,0.0,0.0,0.498,0.0,0.9987,0.4313,0.9873,fv_psy_vh_2022_M12.txt,PSY-other,0.0,518,518.0,518,518,1496,0.0,777920,0.5589,2022
0.0161,0.6362,1.0,1.0,0.0,0.0,0.0,0.0,0.6362,0.2977,0.6362,fv_psy_vip_2022_M12.txt,PSY-other,0.0,124,124.0,124,124,2144,0.0,270144,0.6862,2022
0.0161,0.6362,1.0,1.0,0.0,0.0,0.0,0.0,0.6362,0.2977,0.6362,fv_psy_vip_2022_M12_FORMAT_ok.txt,PSY-other,0.0,124,124.0,124,124,2144,0.0,270144,0.6862,2022
0.1485,0.0,1.0,1.0,1.0,1.0,0.0245,1.0,0.6286,0.8364,0.0,fv_psy_ano_2018_M12.txt,PSY-other,0.0,206,206.0,206,206,1753,0.0,364624,0.0151,2018
,,,,,,,,,,,fv_psy_fc_ic_2018_M12.txt,PSY-other,,,,,,0,,0,,2018
,,,,,,,,,,,fv_psy_ficum_2023_M12___date___non_attendu.txt,PSY-other,,,,,,0,,0,,2023
0.0667,1.0,0.0,1.0,1.0,1.0,1.0,1.0,1.0,0.837,1.0,fv_psy_raa_2018_M12.txt,PSY-other,0.0,90,90.0,90,90,10000,1.0,2251148,0.0964,2018
0.02,1.0,0.0,1.0,1.0,1.0,1.0,1.0,1.0,0.8117,1.0,fv_psy_rps_2018_M12.txt,PSY-other,0.0,154,154.0,154,154,2242,1.0,349752,0.1683,2018
0.0092,0.9971,0.996,1.0,1.0,0.0,0.1786,0.0,0.9971,0.3968,0.9612,fv_psy_vh_2018_M12.txt,PSY-other,0.0,518,518.0,518,518,1753,0.0,911560,0.5941,2018
0.1544,0.0,1.0,1.0,1.0,1.0,0.0522,1.0,0.6263,0.8311,0.0,fv_psy_ano_2019_M12.txt,PSY-other,0.0,206,206.0,206,206,1742,0.0,362336,0.0146,2019
0.0095,1.0,0.0,0.0,1.0,1.0,1.0,0.0,1.0,0.4189,1.0,fv_psy_fc_ic_2019_M12.txt,PSY-other,0.0,105,105.0,105,105,370,0.0,39590,0.5716,2019
,,,,,,,,,,,fv_psy_ficum_2023_M12___date___non_attendu.txt,PSY-other,,,,,,0,,0,,2023
0.0667,1.0,0.0,1.0,1.0,1.0,1.0,1.0,1.0,0.7484,1.0,fv_psy_raa_2019_M12.txt,PSY-other,0.0,90,90.0,90,90,10000,1.0,1993548,0.185,2019
0.0201,1.0,0.0,1.0,1.0,1.0,1.0,1.0,1.0,0.8143,1.0,fv_psy_rps_2019_M12.txt,PSY-other,0.0,154,154.0,154,154,2379,1.0,371124,0.1657,2019
0.0099,1.0,0.9977,1.0,1.0,0.0,0.1722,0.0,1.0,0.4195,0.9851,fv_psy_vh_2019_M12.txt,PSY-other,0.0,518,518.0,518,518,1742,0.0,905840,0.5706,2019
0.2032,0.0,0.5085,1.0,0.9993,0.9993,0.0,1.0,0.6225,0.5475,0.0,fv_psy_ano_2020_M12.txt,PSY-other,0.0,206,206.0,206,206,2824,0.0,587392,0.2488,2020
,,,,,,,,,,,fv_psy_fc_htpart_2020_M12.txt,PSY-other,,,,,,0,,0,,2020
0.019,1.0,0.0,0.0,1.0,1.0,1.0,1.0,1.0,0.8476,1.0,fv_psy_fc_ic_2020_M12.TXT,PSY-other,0.0,105,105.0,105,105,90,0.0,9630,0.1333,2020
,,,,,,,,,,,fv_psy_ficum_2023_M12___date___non_attendu.txt,PSY-other,,,,,,0,,0,,2023
0.0667,1.0,0.0,1.0,1.0,1.0,1.0,1.0,1.0,0.7479,1.0,fv_psy_raa_2020_M12.txt,PSY-other,0.0,90,90.0,90,90,10000,1.0,1911116,0.1854,2020
0.0203,1.0,0.0,1.0,1.0,1.0,1.0,1.0,1.0,0.8121,1.0,fv_psy_rps_2020_M12.TXT,PSY-other,0.0,154,154.0,154,154,2023,1.0,315588,0.1676,2020
0.01,0.9958,0.993,1.0,1.0,0.0,0.1469,0.0,0.9958,0.4186,0.984,fv_psy_vh_2020_M12.txt,PSY-other,0.0,518,518.0,518,518,1436,0.0,746720,0.5715,2020
0.1222,0.1239,1.0,1.0,0.0,0.0,0.0,0.0,0.1239,0.2617,0.1239,fv_psy_vip_2020_M12.txt,PSY-other,0.0,124,124.0,124,124,1388,0.0,174888,0.6161,2020
0.1222,0.1239,1.0,1.0,0.0,0.0,0.0,0.0,0.1239,0.2617,0.1239,fv_psy_vip_2020_M12_FORMAT_OK.txt,PSY-other,0.0,124,124.0,124,124,1388,0.0,174888,0.6161,2020
,,,,,,,,,,,fv_psy_fs_cov_tests_2021_M12.txt,PSY-other,,,,,,0,,0,,2021
,,,,,,,,,,,fv_psy_fs_cov_vax_2021_M12.txt,PSY-other,,,,,,0,,0,,2021
0.2332,0.0,0.4118,1.0,1.0,1.0,0.0,1.0,0.617,0.4797,0.0,fv_psy_ano_2021_M12.txt,PSY-other,0.0,206,206.0,206,206,3888,0.0,808704,0.2844,2021
,,,,,,,,,,,fv_psy_fc_htpart_2021_M12.txt,PSY-other,,,,,,0,,0,,2021
0.019,1.0,0.0,0.0,1.0,1.0,1.0,1.0,1.0,0.8476,1.0,fv_psy_fc_ic_2021_M12.txt,PSY-other,0.0,105,105.0,105,105,239,0.0,25573,0.1333,2021
0.0778,1.0,0.0,1.0,1.0,1.0,1.0,1.0,1.0,0.7544,1.0,fv_psy_raa_2021_M12.txt,PSY-other,0.0,90,90.0,90,90,10000,1.0,1861252,0.1678,2021
0.0207,1.0,0.0,1.0,1.0,1.0,1.0,1.0,1.0,0.7513,1.0,fv_psy_rps_2021_M12.txt,PSY-other,0.0,154,154.0,154,154,2267,1.0,353652,0.2281,2021
0.0097,0.9956,0.9906,1.0,0.0,0.0,0.0,0.0,0.9956,0.3935,0.9838,fv_psy_vh_2021_M12.txt,PSY-other,0.0,518,518.0,518,518,1601,0.0,832520,0.5968,2021
0.0161,0.5807,1.0,1.0,0.0,0.0,0.0,0.0,0.5807,0.2925,0.5807,fv_psy_vip_2021_M12.txt,PSY-other,0.0,124,124.0,124,124,2287,0.0,288162,0.6914,2021
0.0161,0.5807,1.0,1.0,0.0,0.0,0.0,0.0,0.5807,0.2925,0.5807,fv_psy_vip_2021_M12_FORMAT_ok.txt,PSY-other,0.0,124,124.0,124,124,2287,0.0,288162,0.6914,2021
,,,,,,,,,,,fv_psy_fs_cov_tests_2022_M12.txt,PSY-other,,,,,,0,,0,,2022
0.218,0.0,0.411,1.0,1.0,1.0,0.0,1.0,0.6203,0.4947,0.0,fv_psy_ano_2022_M12.txt,PSY-other,0.0,206,206.0,206,206,3640,0.0,757120,0.2845,2022
,,,,,,,,,,,fv_psy_fc_htpart_2022_M12.txt,PSY-other,,,,,,0,,0,,2022
0.019,1.0,0.9876,0.0,1.0,1.0,1.0,1.0,1.0,0.8758,1.0,fv_psy_fc_ic_2022_M12.TXT,PSY-other,0.0,105,105.0,105,105,161,0.0,17227,0.1051,2022
,,,,,,,,,,,fv_psy_ficum_2023_M12___date.txt,PSY-other,,,,,,0,,0,,2023
0.073,1.0,0.0,1.0,1.0,1.0,1.0,0.0,1.0,0.7355,1.0,fv_psy_raa_2022_M12.txt,PSY-other,0.0,96,96.0,96,96,10000,1.0,2008412,0.1915,2022
0.0195,1.0,0.0,1.0,1.0,1.0,1.0,0.0,1.0,0.748,1.0,fv_psy_rps_2022_M12.txt,PSY-other,0.0,154,154.0,154,154,2068,1.0,322608,0.2326,2022
0.0098,0.9987,0.9913,1.0,0.0,0.0,0.498,0.0,0.9987,0.4313,0.9873,fv_psy_vh_2022_M12.txt,PSY-other,0.0,518,518.0,518,518,1496,0.0,777920,0.5589,2022
0.0161,0.6362,1.0,1.0,0.0,0.0,0.0,0.0,0.6362,0.2977,0.6362,fv_psy_vip_2022_M12.txt,PSY-other,0.0,124,124.0,124,124,2144,0.0,270144,0.6862,2022
0.0161,0.6362,1.0,1.0,0.0,0.0,0.0,0.0,0.6362,0.2977,0.6362,fv_psy_vip_2022_M12_FORMAT_ok.txt,PSY-other,0.0,124,124.0,124,124,2144,0.0,270144,0.6862,2022
0.7677,0.1364,0.0,0.0,0.0455,0.0455,0.0,0.0,0.0,0.0319,0.0,GUIDE_ENVOI_BOSS_PRO.txt,INCONNU,0.0,90,44.2,48,5,22,0.0,1000,0.1192,0
0.465,0.5,0.0,0.0,0.0,0.0,0.0,0.0,0.0,0.0446,0.0,~$IDE_ENVOI_BOSS_PRO.txt,INCONNU,0.0,57,39.2,53,14,4,0.0,162,0.0382,0
0.4033,0.0,1.0,1.0,1.0,1.0,0.0245,1.0,0.6286,0.3968,0.0,fv_psy_ano_2018_M12.txt,PSY-other,0.0,825,825.0,825,825,1753,0.0,1449731,0.1847,2018
,,,,,,,,,,,fv_psy_fc_ic_2018_M12.txt,PSY-other,,,,,,0,,2,,2018
0.1053,0.0,1.0,0.0,0.0,0.0,0.0,0.0,1.0,0.8,0.0,fv_psy_ficum_2023_M12___date___non_attendu.txt,PSY-other,0.0,38,38.0,38,38,40,0.0,1600,0.0947,2023
0.0654,1.0,0.0,1.0,1.0,1.0,1.0,1.0,1.0,0.8777,1.0,fv_psy_raa_2018_M12.txt,PSY-other,0.0,124,92.3,92,92,10000,1.0,2309406,0.0569,2018
0.0203,1.0,0.0,1.0,1.0,1.0,1.0,1.0,1.0,0.9143,1.0,fv_psy_rps_2018_M12.txt,PSY-other,0.0,160,152.1,152,152,2242,1.0,345436,0.0654,2018
0.011,0.9971,0.996,1.0,1.0,0.0,0.1786,0.0,0.9971,0.4758,0.9612,fv_psy_vh_2018_M12.txt,PSY-other,0.0,432,432.0,432,432,1753,0.0,759049,0.5132,2018
0.3953,0.0,1.0,1.0,1.0,1.0,0.0522,1.0,0.6263,0.4006,0.0,fv_psy_ano_2019_M12.txt,PSY-other,0.0,846,846.0,846,846,1742,0.0,1477216,0.1893,2019
0.0159,1.0,1.0,1.0,1.0,1.0,1.0,0.0,1.0,0.9206,1.0,fv_psy_fc_ic_2019_M12.txt,PSY-other,0.0,63,63.0,63,63,370,0.0,24050,0.0635,2019
0.1053,0.0,1.0,0.0,0.0,0.0,0.0,0.0,1.0,0.8,0.0,fv_psy_ficum_2023_M12___date___non_attendu.txt,PSY-other,0.0,38,38.0,38,38,40,0.0,1600,0.0947,2023
0.0655,1.0,0.0,1.0,1.0,1.0,1.0,1.0,1.0,0.8769,1.0,fv_psy_raa_2019_M12.txt,PSY-other,0.0,132,92.5,92,92,10000,1.0,2055686,0.0575,2019
0.0205,1.0,0.0,1.0,1.0,1.0,1.0,1.0,1.0,0.9135,1.0,fv_psy_rps_2019_M12.txt,PSY-other,0.0,192,152.6,152,152,2379,1.0,367902,0.066,2019
0.0113,1.0,0.9977,1.0,1.0,0.0,0.1722,0.0,1.0,0.4807,0.9851,fv_psy_vh_2019_M12.txt,PSY-other,0.0,452,452.0,452,452,1742,0.0,789126,0.508,2019
0.6114,0.0,0.5085,1.0,0.9993,0.9993,0.0,1.0,0.6225,0.2507,0.0,fv_psy_ano_2020_M12.txt,PSY-other,0.0,1283,1112.4,1283,936,2824,0.0,3147204,0.1179,2020
,,,,,,,,,,,fv_psy_fc_htpart_2020_M12.txt,PSY-other,,,,,,0,,0,,2020
0.0179,1.0,1.0,1.0,1.0,1.0,1.0,1.0,1.0,0.9821,1.0,fv_psy_fc_ic_2020_M12.TXT,PSY-other,0.0,112,112.0,112,112,90,0.0,10260,0.0,2020
0.1053,0.0,1.0,0.0,0.0,0.0,0.0,0.0,1.0,0.8,0.0,fv_psy_ficum_2023_M12___date___non_attendu.txt,PSY-other,0.0,38,38.0,38,38,40,0.0,1600,0.0947,2023
0.0673,1.0,0.0,1.0,1.0,1.0,1.0,1.0,1.0,0.8619,1.0,fv_psy_raa_2020_M12.txt,PSY-other,0.0,124,95.3,92,92,10000,1.0,1998654,0.0708,2020
0.0208,1.0,0.0,1.0,1.0,1.0,1.0,1.0,1.0,0.9077,1.0,fv_psy_rps_2020_M12.TXT,PSY-other,0.0,200,153.2,152,152,2023,1.0,313958,0.0715,2020
0.0114,0.9958,0.993,1.0,1.0,0.0,0.1469,0.0,0.9958,0.4797,0.984,fv_psy_vh_2020_M12.txt,PSY-other,0.0,452,452.0,452,452,1436,0.0,650508,0.5089,2020
0.1222,0.1239,1.0,1.0,0.0,0.0,0.0,0.0,0.1239,0.2729,0.1239,fv_psy_vip_2020_M12.txt,PSY-other,0.0,124,124.0,124,124,1388,0.0,174888,0.6049,2020
0.1262,0.1239,1.0,1.0,0.0,0.0,0.0,0.0,0.1239,0.282,0.1239,fv_psy_vip_2020_M12_FORMAT_OK.txt,PSY-other,0.0,120,120.0,120,120,1388,0.0,169336,0.5917,2020
0.1122,1.0,0.0,0.0,0.0,0.0,0.0,0.0,0.0,0.6098,0.0,fv_psy_fs_cov_tests_2021_M12.txt,PSY-other,0.0,41,41.0,41,41,5,0.0,215,0.2634,2021
0.0769,1.0,1.0,1.0,0.0,0.0,0.0,0.0,0.0,0.8846,0.0,fv_psy_fs_cov_vax_2021_M12.txt,PSY-other,0.0,26,26.0,26,26,4,0.0,112,0.0,2021
0.6224,0.0,0.4118,1.0,1.0,1.0,0.0,1.0,0.617,0.2341,0.0,fv_psy_ano_2021_M12.txt,PSY-other,0.0,1283,1078.9,936,936,3888,0.0,4202491,0.1143,2021
0.0,1.0,1.0,0.0,1.0,0.0,0.0,0.0,1.0,0.7442,1.0,fv_psy_fc_htpart_2021_M12.txt,PSY-other,0.0,43,43.0,43,43,8241,0.0,370843,0.2558,2021
0.0179,1.0,1.0,0.0,1.0,1.0,1.0,1.0,1.0,0.8839,1.0,fv_psy_fc_ic_2021_M12.txt,PSY-other,0.0,112,112.0,112,112,239,0.0,27246,0.0982,2021
0.0759,1.0,0.0,1.0,1.0,1.0,1.0,1.0,1.0,0.7791,1.0,fv_psy_raa_2021_M12.txt,PSY-other,0.0,149,94.0,93,93,10000,1.0,1948905,0.1451,2021
0.0214,1.0,0.0,1.0,1.0,1.0,1.0,1.0,1.0,0.7883,1.0,fv_psy_rps_2021_M12.txt,PSY-other,0.0,200,154.1,152,152,2267,1.0,353822,0.1903,2021
0.0111,0.9956,0.9906,1.0,0.0,0.0,0.0,0.0,0.9956,0.4509,0.9838,fv_psy_vh_2021_M12.txt,PSY-other,0.0,452,452.0,452,452,1601,0.0,726854,0.538,2021
0.0167,0.5807,1.0,1.0,0.0,0.0,0.0,0.0,0.5807,0.3393,0.5807,fv_psy_vip_2021_M12.txt,PSY-other,0.0,120,120.0,120,120,2287,0.0,279012,0.6441,2021
0.0167,0.5807,1.0,1.0,0.0,0.0,0.0,0.0,0.5807,0.3393,0.5807,fv_psy_vip_2021_M12_FORMAT_ok.txt,PSY-other,0.0,120,120.0,120,120,2287,0.0,279014,0.6441,2021
0.1613,1.0,0.0,1.0,0.0,0.0,0.0,0.0,0.0,0.7419,0.0,fv_psy_fs_cov_tests_2022_M12.txt,PSY-other,0.0,31,31.0,31,31,3,0.0,97,0.0645,2022
0.6648,0.0,0.411,1.0,1.0,1.0,0.0,1.0,0.6203,0.2333,0.0,fv_psy_ano_2022_M12.txt,PSY-other,0.0,1933,1651.5,1455,1455,3640,0.0,6018568,0.0747,2022
0.0,1.0,1.0,0.0,1.0,0.0,0.0,0.0,1.0,0.6809,1.0,fv_psy_fc_htpart_2022_M12.txt,PSY-other,0.0,47,47.0,47,47,8797,0.0,431051,0.3191,2022
0.0179,1.0,1.0,0.0,1.0,1.0,1.0,1.0,1.0,0.8839,1.0,fv_psy_fc_ic_2022_M12.TXT,PSY-other,0.0,112,112.0,112,112,161,0.0,18352,0.0982,2022
0.1053,0.0,1.0,0.0,0.0,0.0,0.0,0.0,1.0,0.8,0.0,fv_psy_ficum_2023_M12___date.txt,PSY-other,0.0,38,38.0,38,38,40,0.0,1600,0.0947,2023
0.0737,1.0,0.0,1.0,1.0,1.0,1.0,0.0,1.0,0.7543,1.0,fv_psy_raa_2022_M12.txt,PSY-other,0.0,144,97.2,96,96,10000,1.0,2044058,0.172,2022
0.0216,1.0,0.0,1.0,1.0,1.0,1.0,0.0,1.0,0.7687,1.0,fv_psy_rps_2022_M12.txt,PSY-other,0.0,202,157.1,154,154,2068,1.0,329120,0.2098,2022
0.0109,0.9987,0.9913,1.0,0.0,0.0,0.498,0.0,0.9987,0.4773,0.9873,fv_psy_vh_2022_M12.txt,PSY-other,0.0,468,468.0,468,468,1496,0.0,703118,0.5118,2022
0.0148,0.6362,1.0,1.0,0.0,0.0,0.0,0.0,0.6362,0.3077,0.6362,fv_psy_vip_2022_M12.txt,PSY-other,0.0,135,135.0,135,135,2144,0.0,293726,0.6775,2022
0.0167,0.6362,1.0,1.0,0.0,0.0,0.0,0.0,0.6362,0.3462,0.6362,fv_psy_vip_2022_M12_FORMAT_ok.txt,PSY-other,0.0,120,120.0,120,120,2144,0.0,261568,0.6371,2022
0.1485,0.0,1.0,1.0,1.0,1.0,0.0245,1.0,0.6286,0.8364,0.0,fv_psy_ano_2018_M12.txt,PSY-other,0.0,206,206.0,206,206,1753,0.0,364624,0.0151,2018
,,,,,,,,,,,fv_psy_fc_ic_2018_M12.txt,PSY-other,,,,,,0,,0,,2018
,,,,,,,,,,,fv_psy_ficum_2023_M12___date___non_attendu.txt,PSY-other,,,,,,0,,0,,2023
0.0667,1.0,0.0,1.0,1.0,1.0,1.0,1.0,1.0,0.837,1.0,fv_psy_raa_2018_M12.txt,PSY-other,0.0,90,90.0,90,90,10000,1.0,2251148,0.0964,2018
0.02,1.0,0.0,1.0,1.0,1.0,1.0,1.0,1.0,0.8117,1.0,fv_psy_rps_2018_M12.txt,PSY-other,0.0,154,154.0,154,154,2242,1.0,349752,0.1683,2018
0.0092,0.9971,0.996,1.0,1.0,0.0,0.1786,0.0,0.9971,0.3968,0.9612,fv_psy_vh_2018_M12.txt,PSY-other,0.0,518,518.0,518,518,1753,0.0,911560,0.5941,2018
0.1544,0.0,1.0,1.0,1.0,1.0,0.0522,1.0,0.6263,0.8311,0.0,fv_psy_ano_2019_M12.txt,PSY-other,0.0,206,206.0,206,206,1742,0.0,362336,0.0146,2019
0.0095,1.0,0.0,0.0,1.0,1.0,1.0,0.0,1.0,0.4189,1.0,fv_psy_fc_ic_2019_M12.txt,PSY-other,0.0,105,105.0,105,105,370,0.0,39590,0.5716,2019
,,,,,,,,,,,fv_psy_ficum_2023_M12___date___non_attendu.txt,PSY-other,,,,,,0,,0,,2023
0.0667,1.0,0.0,1.0,1.0,1.0,1.0,1.0,1.0,0.7484,1.0,fv_psy_raa_2019_M12.txt,PSY-other,0.0,90,90.0,90,90,10000,1.0,1993548,0.185,2019
0.0201,1.0,0.0,1.0,1.0,1.0,1.0,1.0,1.0,0.8143,1.0,fv_psy_rps_2019_M12.txt,PSY-other,0.0,154,154.0,154,154,2379,1.0,371124,0.1657,2019
0.0099,1.0,0.9977,1.0,1.0,0.0,0.1722,0.0,1.0,0.4195,0.9851,fv_psy_vh_2019_M12.txt,PSY-other,0.0,518,518.0,518,518,1742,0.0,905840,0.5706,2019
0.2032,0.0,0.5085,1.0,0.9993,0.9993,0.0,1.0,0.6225,0.5475,0.0,fv_psy_ano_2020_M12.txt,PSY-other,0.0,206,206.0,206,206,2824,0.0,587392,0.2488,2020
,,,,,,,,,,,fv_psy_fc_htpart_2020_M12.txt,PSY-other,,,,,,0,,0,,2020
0.019,1.0,0.0,0.0,1.0,1.0,1.0,1.0,1.0,0.8476,1.0,fv_psy_fc_ic_2020_M12.TXT,PSY-other,0.0,105,105.0,105,105,90,0.0,9630,0.1333,2020
,,,,,,,,,,,fv_psy_ficum_2023_M12___date___non_attendu.txt,PSY-other,,,,,,0,,0,,2023
0.0667,1.0,0.0,1.0,1.0,1.0,1.0,1.0,1.0,0.7479,1.0,fv_psy_raa_2020_M12.txt,PSY-other,0.0,90,90.0,90,90,10000,1.0,1911116,0.1854,2020
0.0203,1.0,0.0,1.0,1.0,1.0,1.0,1.0,1.0,0.8121,1.0,fv_psy_rps_2020_M12.TXT,PSY-other,0.0,154,154.0,154,154,2023,1.0,315588,0.1676,2020
0.01,0.9958,0.993,1.0,1.0,0.0,0.1469,0.0,0.9958,0.4186,0.984,fv_psy_vh_2020_M12.txt,PSY-other,0.0,518,518.0,518,518,1436,0.0,746720,0.5715,2020
0.1222,0.1239,1.0,1.0,0.0,0.0,0.0,0.0,0.1239,0.2617,0.1239,fv_psy_vip_2020_M12.txt,PSY-other,0.0,124,124.0,124,124,1388,0.0,174888,0.6161,2020
0.1222,0.1239,1.0,1.0,0.0,0.0,0.0,0.0,0.1239,0.2617,0.1239,fv_psy_vip_2020_M12_FORMAT_OK.txt,PSY-other,0.0,124,124.0,124,124,1388,0.0,174888,0.6161,2020
,,,,,,,,,,,fv_psy_fs_cov_tests_2021_M12.txt,PSY-other,,,,,,0,,0,,2021
,,,,,,,,,,,fv_psy_fs_cov_vax_2021_M12.txt,PSY-other,,,,,,0,,0,,2021
0.2332,0.0,0.4118,1.0,1.0,1.0,0.0,1.0,0.617,0.4797,0.0,fv_psy_ano_2021_M12.txt,PSY-other,0.0,206,206.0,206,206,3888,0.0,808704,0.2844,2021
,,,,,,,,,,,fv_psy_fc_htpart_2021_M12.txt,PSY-other,,,,,,0,,0,,2021
0.019,1.0,0.0,0.0,1.0,1.0,1.0,1.0,1.0,0.8476,1.0,fv_psy_fc_ic_2021_M12.txt,PSY-other,0.0,105,105.0,105,105,239,0.0,25573,0.1333,2021
0.0778,1.0,0.0,1.0,1.0,1.0,1.0,1.0,1.0,0.7544,1.0,fv_psy_raa_2021_M12.txt,PSY-other,0.0,90,90.0,90,90,10000,1.0,1861252,0.1678,2021
0.0207,1.0,0.0,1.0,1.0,1.0,1.0,1.0,1.0,0.7513,1.0,fv_psy_rps_2021_M12.txt,PSY-other,0.0,154,154.0,154,154,2267,1.0,353652,0.2281,2021
0.0097,0.9956,0.9906,1.0,0.0,0.0,0.0,0.0,0.9956,0.3935,0.9838,fv_psy_vh_2021_M12.txt,PSY-other,0.0,518,518.0,518,518,1601,0.0,832520,0.5968,2021
0.0161,0.5807,1.0,1.0,0.0,0.0,0.0,0.0,0.5807,0.2925,0.5807,fv_psy_vip_2021_M12.txt,PSY-other,0.0,124,124.0,124,124,2287,0.0,288162,0.6914,2021
0.0161,0.5807,1.0,1.0,0.0,0.0,0.0,0.0,0.5807,0.2925,0.5807,fv_psy_vip_2021_M12_FORMAT_ok.txt,PSY-other,0.0,124,124.0,124,124,2287,0.0,288162,0.6914,2021
,,,,,,,,,,,fv_psy_fs_cov_tests_2022_M12.txt,PSY-other,,,,,,0,,0,,2022
0.218,0.0,0.411,1.0,1.0,1.0,0.0,1.0,0.6203,0.4947,0.0,fv_psy_ano_2022_M12.txt,PSY-other,0.0,206,206.0,206,206,3640,0.0,757120,0.2845,2022
,,,,,,,,,,,fv_psy_fc_htpart_2022_M12.txt,PSY-other,,,,,,0,,0,,2022
0.019,1.0,0.9876,0.0,1.0,1.0,1.0,1.0,1.0,0.8758,1.0,fv_psy_fc_ic_2022_M12.TXT,PSY-other,0.0,105,105.0,105,105,161,0.0,17227,0.1051,2022
,,,,,,,,,,,fv_psy_ficum_2023_M12___date.txt,PSY-other,,,,,,0,,0,,2023
0.073,1.0,0.0,1.0,1.0,1.0,1.0,0.0,1.0,0.7355,1.0,fv_psy_raa_2022_M12.txt,PSY-other,0.0,96,96.0,96,96,10000,1.0,2008412,0.1915,2022
0.0195,1.0,0.0,1.0,1.0,1.0,1.0,0.0,1.0,0.748,1.0,fv_psy_rps_2022_M12.txt,PSY-other,0.0,154,154.0,154,154,2068,1.0,322608,0.2326,2022
0.0098,0.9987,0.9913,1.0,0.0,0.0,0.498,0.0,0.9987,0.4313,0.9873,fv_psy_vh_2022_M12.txt,PSY-other,0.0,518,518.0,518,518,1496,0.0,777920,0.5589,2022
0.0161,0.6362,1.0,1.0,0.0,0.0,0.0,0.0,0.6362,0.2977,0.6362,fv_psy_vip_2022_M12.txt,PSY-other,0.0,124,124.0,124,124,2144,0.0,270144,0.6862,2022
0.0161,0.6362,1.0,1.0,0.0,0.0,0.0,0.0,0.6362,0.2977,0.6362,fv_psy_vip_2022_M12_FORMAT_ok.txt,PSY-other,0.0,124,124.0,124,124,2144,0.0,270144,0.6862,2022
0.4211,0.0,0.0,0.0,0.0,0.0,0.0,0.0,0.0833,0.0113,0.0,requirements.txt,INCONNU,0.0,236,96.2,59,10,12,0.0,1168,0.0425,0
